2024-09-29 12:33:22,875 [ERROR] LogOutputStream:75 - [STDERR_REDIRECT] 
2024-09-29 12:34:27,391 [INFO] Activator:176 - 


2024-09-29 12:34:27,395 [INFO] Activator:177 - !SESSION log4j initialized
2024-09-29 12:34:34,598 [INFO] LogOutputStream:77 - [STDOUT_REDIRECT] 
2024-09-29 12:34:37,031 [INFO] ApplicationProperties:184 - Using Application install path: C:\ST\STM32CubeIDE_1.16.0\STM32CubeIDE\plugins\com.st.stm32cube.common.mx_6.12.0.202406281431
2024-09-29 12:34:37,056 [INFO] DbMcusXml:78 - Set database path to: C:\ST\STM32CubeIDE_1.16.0\STM32CubeIDE\plugins\com.st.stm32cube.common.mx_6.12.0.202406281431\\db\/mcu/
2024-09-29 12:34:37,058 [INFO] ApiDb:274 - Set plugin database path to: C:\ST\STM32CubeIDE_1.16.0\STM32CubeIDE\plugins\com.st.stm32cube.common.mx_6.12.0.202406281431\\db\/plugins/boardmanager/
2024-09-29 12:34:37,058 [WARN] ApiDb:259 - Overriding images path with different value:  => C:\ST\STM32CubeIDE_1.16.0\STM32CubeIDE\plugins\com.st.stm32cube.common.mx_6.12.0.202406281431\\db\/plugins/mcufinder/images/
2024-09-29 12:34:37,066 [INFO] ApiDb:250 - Set database path to: C:\Users\hyn02\.stmcufinder\plugins\mcufinder//mcu/
2024-09-29 12:34:37,068 [INFO] DbMcusAds:125 - Set database path to: C:\Users\hyn02\.stmcufinder\plugins\mcufinder//mcu/
2024-09-29 12:34:37,071 [INFO] CrossReferenceDbSqlite:203 - Set database path to: C:\Users\hyn02\.stmcufinder\plugins\mcufinder//mcu/cs/
2024-09-29 12:34:37,230 [INFO] RulesReader:64 - Compatibility file has been processed (297 Rules)
2024-09-29 12:34:37,337 [INFO] DbMcusXml:78 - Set database path to: C:\ST\STM32CubeIDE_1.16.0\STM32CubeIDE\plugins\com.st.stm32cube.common.mx_6.12.0.202406281431\\db\/mcu/
2024-09-29 12:34:37,337 [INFO] ApiDb:274 - Set plugin database path to: C:\ST\STM32CubeIDE_1.16.0\STM32CubeIDE\plugins\com.st.stm32cube.common.mx_6.12.0.202406281431\\db\/plugins/boardmanager/
2024-09-29 12:34:37,337 [INFO] ApiDb:261 - Set plugin images path to: C:\ST\STM32CubeIDE_1.16.0\STM32CubeIDE\plugins\com.st.stm32cube.common.mx_6.12.0.202406281431\\db\/plugins/mcufinder/images/
2024-09-29 12:34:37,337 [WARN] DbFile:41 - Overriding database path with different value: C:\Users\hyn02\.stmcufinder\plugins\mcufinder/ => C:\Users\hyn02\.stmcufinder\plugins\mcufinder
2024-09-29 12:34:37,338 [INFO] ApiDb:250 - Set database path to: C:\Users\hyn02\.stmcufinder\plugins\mcufinder//mcu/
2024-09-29 12:34:37,338 [WARN] DbFile:41 - Overriding database path with different value: C:\Users\hyn02\.stmcufinder\plugins\mcufinder/ => C:\Users\hyn02\.stmcufinder\plugins\mcufinder
2024-09-29 12:34:37,338 [INFO] DbMcusAds:125 - Set database path to: C:\Users\hyn02\.stmcufinder\plugins\mcufinder//mcu/
2024-09-29 12:34:37,338 [WARN] DbFile:41 - Overriding database path with different value: C:\Users\hyn02\.stmcufinder\plugins\mcufinder/ => C:\Users\hyn02\.stmcufinder\plugins\mcufinder
2024-09-29 12:34:37,338 [WARN] DbFile:41 - Overriding database path with different value: C:\Users\hyn02\.stmcufinder\plugins\mcufinder/ => C:\Users\hyn02\.stmcufinder\plugins\mcufinder
2024-09-29 12:34:37,338 [INFO] CrossReferenceDbSqlite:203 - Set database path to: C:\Users\hyn02\.stmcufinder\plugins\mcufinder//mcu/cs/
2024-09-29 12:34:37,453 [INFO] MainPanel:268 - HeapMemory: 268435456
2024-09-29 12:34:37,634 [INFO] DbMcusXml:78 - Set database path to: C:\ST\STM32CubeIDE_1.16.0\STM32CubeIDE\plugins\com.st.stm32cube.common.mx_6.12.0.202406281431\\db\/mcu/
2024-09-29 12:34:37,635 [INFO] ApiDb:274 - Set plugin database path to: C:\ST\STM32CubeIDE_1.16.0\STM32CubeIDE\plugins\com.st.stm32cube.common.mx_6.12.0.202406281431\\db\/plugins/boardmanager/
2024-09-29 12:34:37,635 [INFO] ApiDb:261 - Set plugin images path to: C:\ST\STM32CubeIDE_1.16.0\STM32CubeIDE\plugins\com.st.stm32cube.common.mx_6.12.0.202406281431\\db\/plugins/mcufinder/images/
2024-09-29 12:34:37,635 [WARN] DbFile:41 - Overriding database path with different value: C:\Users\hyn02\.stmcufinder\plugins\mcufinder/ => C:\Users\hyn02\.stmcufinder\plugins\mcufinder
2024-09-29 12:34:37,636 [INFO] ApiDb:250 - Set database path to: C:\Users\hyn02\.stmcufinder\plugins\mcufinder//mcu/
2024-09-29 12:34:37,636 [WARN] DbFile:41 - Overriding database path with different value: C:\Users\hyn02\.stmcufinder\plugins\mcufinder/ => C:\Users\hyn02\.stmcufinder\plugins\mcufinder
2024-09-29 12:34:37,636 [INFO] DbMcusAds:125 - Set database path to: C:\Users\hyn02\.stmcufinder\plugins\mcufinder//mcu/
2024-09-29 12:34:37,636 [WARN] DbFile:41 - Overriding database path with different value: C:\Users\hyn02\.stmcufinder\plugins\mcufinder/ => C:\Users\hyn02\.stmcufinder\plugins\mcufinder
2024-09-29 12:34:37,636 [WARN] DbFile:41 - Overriding database path with different value: C:\Users\hyn02\.stmcufinder\plugins\mcufinder/ => C:\Users\hyn02\.stmcufinder\plugins\mcufinder
2024-09-29 12:34:37,636 [INFO] CrossReferenceDbSqlite:203 - Set database path to: C:\Users\hyn02\.stmcufinder\plugins\mcufinder//mcu/cs/
2024-09-29 12:34:37,661 [INFO] ApplicationProperties:184 - Using Application install path: C:\ST\STM32CubeIDE_1.16.0\STM32CubeIDE\plugins\com.st.stm32cube.common.mx_6.12.0.202406281431
2024-09-29 12:34:37,664 [INFO] PluginManage:196 - Search for loadable plugins [exclusion list=, ]
2024-09-29 12:34:37,666 [INFO] PluginManage:310 - Check plugin analytics
2024-09-29 12:34:37,923 [INFO] AnalyticsPlugin:253 - Accepted Software Licenses: 
2024-09-29 12:34:37,924 [INFO] AnalyticsPlugin:255 - Accepted CMSIS Pack Licenses: 
2024-09-29 12:34:37,924 [INFO] AnalyticsPlugin:257 - Accepted Firmware Licenses: FW.F4.1.28.0
2024-09-29 12:34:37,928 [INFO] PluginManage:359 - Loaded plugin analytics (category:tool,tabindex:-1)
2024-09-29 12:34:37,930 [INFO] PluginManage:310 - Check plugin cadmodel
2024-09-29 12:34:37,950 [INFO] CADModel:105 - Init CAD model plugin
2024-09-29 12:34:37,950 [INFO] PluginManage:359 - Loaded plugin cadmodel (category:power,tabindex:5)
2024-09-29 12:34:37,950 [INFO] PluginManage:310 - Check plugin clock
2024-09-29 12:34:37,978 [INFO] PluginManage:359 - Loaded plugin clock (category:base,tabindex:2)
2024-09-29 12:34:37,979 [INFO] PluginManage:310 - Check plugin ddr
2024-09-29 12:34:37,981 [INFO] PluginManage:359 - Loaded plugin ddr (category:tool,tabindex:6)
2024-09-29 12:34:37,982 [INFO] PluginManage:310 - Check plugin filemanager
2024-09-29 12:34:38,168 [INFO] PluginManage:359 - Loaded plugin filemanager (category:base,tabindex:10)
2024-09-29 12:34:38,169 [INFO] PluginManage:310 - Check plugin ipmanager
2024-09-29 12:34:38,179 [INFO] PluginManage:359 - Loaded plugin ipmanager (category:base,tabindex:5)
2024-09-29 12:34:38,179 [INFO] PluginManage:310 - Check plugin lpbam
2024-09-29 12:34:38,210 [INFO] PluginManage:359 - Loaded plugin lpbam (category:base,tabindex:0)
2024-09-29 12:34:38,210 [INFO] PluginManage:310 - Check plugin memorymap
2024-09-29 12:34:38,244 [INFO] PluginManage:359 - Loaded plugin memorymap (category:base,tabindex:4)
2024-09-29 12:34:38,244 [INFO] PluginManage:310 - Check plugin pinoutandconfiguration
2024-09-29 12:34:38,266 [INFO] PluginManage:359 - Loaded plugin pinoutandconfiguration (category:base,tabindex:1)
2024-09-29 12:34:38,266 [INFO] PluginManage:310 - Check plugin pinoutconfig
2024-09-29 12:34:38,397 [WARN] SupportedApi:132 - Cannot load RTOS API schema: s4s-elt-must-match.1: The content of 'definitions' must match (annotation?, (simpleType | complexType)?, (unique | key | keyref)*)). A problem was found starting at: attribute.
2024-09-29 12:34:38,585 [INFO] PluginManage:359 - Loaded plugin pinoutconfig (category:base,tabindex:0)
2024-09-29 12:34:38,586 [INFO] PluginManage:310 - Check plugin power
2024-09-29 12:34:38,612 [INFO] PluginManage:359 - Loaded plugin power (category:power,tabindex:4)
2024-09-29 12:34:38,612 [INFO] PluginManage:310 - Check plugin projectmanager
2024-09-29 12:34:38,637 [INFO] PluginManage:359 - Loaded plugin projectmanager (category:projectmanager,tabindex:4)
2024-09-29 12:34:38,638 [INFO] PluginManage:310 - Check plugin rif
2024-09-29 12:34:38,662 [INFO] PluginManage:359 - Loaded plugin rif (category:base,tabindex:3)
2024-09-29 12:34:38,663 [INFO] PluginManage:310 - Check plugin thirdparty
2024-09-29 12:34:39,118 [WARN] IntegrityCheckThread:84 - waiting for thirdparty lock release [integrity check]
2024-09-29 12:34:39,118 [INFO] PluginManage:359 - Loaded plugin thirdparty (category:base,tabindex:-1)
2024-09-29 12:34:39,118 [INFO] IntegrityCheckThread:86 - entering critical section [integrity check]
2024-09-29 12:34:39,118 [INFO] PluginManage:310 - Check plugin tools
2024-09-29 12:34:39,119 [INFO] ThirdPartyUpdaterWithRetryManager:70 - Updater plugin not ready yet. [1/15]
2024-09-29 12:34:39,177 [INFO] PluginManage:359 - Loaded plugin tools (category:base,tabindex:7)
2024-09-29 12:34:39,177 [INFO] PluginManage:310 - Check plugin tutovideos
2024-09-29 12:34:39,469 [INFO] PluginManage:359 - Loaded plugin tutovideos (category:base,tabindex:-1)
2024-09-29 12:34:39,470 [INFO] PluginManage:310 - Check plugin updater
2024-09-29 12:34:39,491 [INFO] PluginManage:359 - Loaded plugin updater (category:base,tabindex:12)
2024-09-29 12:34:39,492 [INFO] PluginManage:310 - Check plugin userauth
2024-09-29 12:34:39,500 [INFO] UserAuth:113 - Init User Auth plugin
2024-09-29 12:34:39,500 [INFO] PluginManage:359 - Loaded plugin userauth (category:base,tabindex:14)
2024-09-29 12:34:39,501 [INFO] PluginManage:283 - PluginManage : Loaded plugins [18]
2024-09-29 12:34:39,883 [INFO] PinOutPanel:1561 - setPackage(No Configuration,No Configuration)
2024-09-29 12:34:40,043 [INFO] CADModel:165 - CPN selected for project level
2024-09-29 12:34:40,044 [INFO] CADModel:114 - Register for checkConnection events
2024-09-29 12:34:40,092 [INFO] IPUIPlugin:80 - create IPUIPlugin
2024-09-29 12:34:40,092 [INFO] PluginManager:220 - loadIPPluginJar : add adc
2024-09-29 12:34:40,160 [INFO] IPUIPlugin:80 - create IPUIPlugin
2024-09-29 12:34:40,160 [INFO] PluginManager:220 - loadIPPluginJar : add aes
2024-09-29 12:34:40,240 [INFO] IPUIPlugin:80 - create IPUIPlugin
2024-09-29 12:34:40,240 [INFO] PluginManager:220 - loadIPPluginJar : add can
2024-09-29 12:34:40,286 [INFO] IPUIPlugin:80 - create IPUIPlugin
2024-09-29 12:34:40,287 [INFO] PluginManager:220 - loadIPPluginJar : add comp
2024-09-29 12:34:40,356 [INFO] IPUIPlugin:80 - create IPUIPlugin
2024-09-29 12:34:40,356 [INFO] PluginManager:220 - loadIPPluginJar : add cryp
2024-09-29 12:34:40,378 [INFO] IPUIPlugin:80 - create IPUIPlugin
2024-09-29 12:34:40,378 [INFO] PluginManager:220 - loadIPPluginJar : add ddr_ctrl_phy
2024-09-29 12:34:40,448 [INFO] IPUIPlugin:80 - create IPUIPlugin
2024-09-29 12:34:40,449 [INFO] PluginManager:220 - loadIPPluginJar : add dfsdm
2024-09-29 12:34:40,477 [INFO] IPUIPlugin:80 - create IPUIPlugin
2024-09-29 12:34:40,478 [INFO] PluginManager:220 - loadIPPluginJar : add dma
2024-09-29 12:34:40,568 [INFO] IPUIPlugin:80 - create IPUIPlugin
2024-09-29 12:34:40,568 [INFO] PluginManager:220 - loadIPPluginJar : add dma3
2024-09-29 12:34:40,639 [INFO] IPUIPlugin:80 - create IPUIPlugin
2024-09-29 12:34:40,640 [INFO] PluginManager:220 - loadIPPluginJar : add extmemmanager
2024-09-29 12:34:40,674 [INFO] IPUIPlugin:80 - create IPUIPlugin
2024-09-29 12:34:40,674 [INFO] PluginManager:220 - loadIPPluginJar : add fatfs
2024-09-29 12:34:40,755 [INFO] IPUIPlugin:80 - create IPUIPlugin
2024-09-29 12:34:40,756 [INFO] PluginManager:220 - loadIPPluginJar : add fmc
2024-09-29 12:34:40,779 [INFO] IPUIPlugin:80 - create IPUIPlugin
2024-09-29 12:34:40,779 [INFO] PluginManager:220 - loadIPPluginJar : add freertos
2024-09-29 12:34:40,810 [INFO] IPUIPlugin:80 - create IPUIPlugin
2024-09-29 12:34:40,810 [INFO] PluginManager:220 - loadIPPluginJar : add genericplugin
2024-09-29 12:34:40,952 [INFO] IPUIPlugin:80 - create IPUIPlugin
2024-09-29 12:34:40,953 [INFO] PluginManager:220 - loadIPPluginJar : add gfxmmu
2024-09-29 12:34:41,142 [INFO] IPUIPlugin:80 - create IPUIPlugin
2024-09-29 12:34:41,142 [INFO] PluginManager:220 - loadIPPluginJar : add gic
2024-09-29 12:34:41,162 [INFO] IPUIPlugin:80 - create IPUIPlugin
2024-09-29 12:34:41,163 [INFO] PluginManager:220 - loadIPPluginJar : add gpio
2024-09-29 12:34:41,310 [INFO] IPUIPlugin:80 - create IPUIPlugin
2024-09-29 12:34:41,311 [INFO] PluginManager:220 - loadIPPluginJar : add gtzc
2024-09-29 12:34:41,361 [INFO] IPUIPlugin:80 - create IPUIPlugin
2024-09-29 12:34:41,361 [INFO] PluginManager:220 - loadIPPluginJar : add hash
2024-09-29 12:34:41,435 [INFO] IPUIPlugin:80 - create IPUIPlugin
2024-09-29 12:34:41,435 [INFO] PluginManager:220 - loadIPPluginJar : add i2c
2024-09-29 12:34:41,488 [INFO] IPUIPlugin:80 - create IPUIPlugin
2024-09-29 12:34:41,488 [INFO] PluginManager:220 - loadIPPluginJar : add i2s
2024-09-29 12:34:41,550 [INFO] IPUIPlugin:80 - create IPUIPlugin
2024-09-29 12:34:41,550 [INFO] PluginManager:220 - loadIPPluginJar : add i3c
2024-09-29 12:34:41,682 [INFO] IPUIPlugin:80 - create IPUIPlugin
2024-09-29 12:34:41,682 [INFO] PluginManager:220 - loadIPPluginJar : add ipddr
2024-09-29 12:34:41,822 [INFO] IPUIPlugin:80 - create IPUIPlugin
2024-09-29 12:34:41,822 [INFO] PluginManager:220 - loadIPPluginJar : add linkedlist
2024-09-29 12:34:41,886 [INFO] IPUIPlugin:80 - create IPUIPlugin
2024-09-29 12:34:41,886 [INFO] PluginManager:220 - loadIPPluginJar : add lorawan
2024-09-29 12:34:41,970 [INFO] IPUIPlugin:80 - create IPUIPlugin
2024-09-29 12:34:41,970 [INFO] PluginManager:220 - loadIPPluginJar : add ltdc
2024-09-29 12:34:41,993 [INFO] IPUIPlugin:80 - create IPUIPlugin
2024-09-29 12:34:41,994 [INFO] PluginManager:220 - loadIPPluginJar : add mdma
2024-09-29 12:34:42,017 [INFO] IPUIPlugin:80 - create IPUIPlugin
2024-09-29 12:34:42,017 [INFO] PluginManager:220 - loadIPPluginJar : add nvic
2024-09-29 12:34:42,096 [INFO] IPUIPlugin:80 - create IPUIPlugin
2024-09-29 12:34:42,096 [INFO] PluginManager:220 - loadIPPluginJar : add opamp
2024-09-29 12:34:42,120 [INFO] ThirdPartyUpdaterWithRetryManager:70 - Updater plugin not ready yet. [2/15]
2024-09-29 12:34:42,233 [INFO] IPUIPlugin:80 - create IPUIPlugin
2024-09-29 12:34:42,233 [INFO] PluginManager:220 - loadIPPluginJar : add openamp
2024-09-29 12:34:42,322 [INFO] IPUIPlugin:80 - create IPUIPlugin
2024-09-29 12:34:42,324 [INFO] PluginManager:220 - loadIPPluginJar : add pdm2pcm
2024-09-29 12:34:42,349 [INFO] IPUIPlugin:80 - create IPUIPlugin
2024-09-29 12:34:42,353 [INFO] PluginManager:220 - loadIPPluginJar : add plateformsettings
2024-09-29 12:34:42,393 [INFO] IPUIPlugin:80 - create IPUIPlugin
2024-09-29 12:34:42,393 [INFO] PluginManager:220 - loadIPPluginJar : add quadspi
2024-09-29 12:34:42,440 [INFO] IPUIPlugin:80 - create IPUIPlugin
2024-09-29 12:34:42,441 [INFO] PluginManager:220 - loadIPPluginJar : add radio
2024-09-29 12:34:42,462 [INFO] IPUIPlugin:80 - create IPUIPlugin
2024-09-29 12:34:42,462 [INFO] PluginManager:220 - loadIPPluginJar : add resmgrutility
2024-09-29 12:34:42,557 [INFO] IPUIPlugin:80 - create IPUIPlugin
2024-09-29 12:34:42,557 [INFO] PluginManager:220 - loadIPPluginJar : add sai
2024-09-29 12:34:42,633 [INFO] IPUIPlugin:80 - create IPUIPlugin
2024-09-29 12:34:42,633 [INFO] PluginManager:220 - loadIPPluginJar : add spi
2024-09-29 12:34:42,782 [INFO] IPUIPlugin:80 - create IPUIPlugin
2024-09-29 12:34:42,782 [INFO] PluginManager:220 - loadIPPluginJar : add stm32_wpan
2024-09-29 12:34:42,826 [INFO] IPUIPlugin:80 - create IPUIPlugin
2024-09-29 12:34:42,826 [INFO] PluginManager:220 - loadIPPluginJar : add tim
2024-09-29 12:34:42,942 [INFO] IPUIPlugin:80 - create IPUIPlugin
2024-09-29 12:34:42,942 [INFO] PluginManager:220 - loadIPPluginJar : add touchsensing
2024-09-29 12:34:42,989 [INFO] IPUIPlugin:80 - create IPUIPlugin
2024-09-29 12:34:42,989 [INFO] PluginManager:220 - loadIPPluginJar : add tracer_emb
2024-09-29 12:34:43,038 [INFO] IPUIPlugin:80 - create IPUIPlugin
2024-09-29 12:34:43,039 [INFO] PluginManager:220 - loadIPPluginJar : add ts
2024-09-29 12:34:43,080 [INFO] IPUIPlugin:80 - create IPUIPlugin
2024-09-29 12:34:43,081 [INFO] PluginManager:220 - loadIPPluginJar : add tsc
2024-09-29 12:34:43,123 [INFO] IPUIPlugin:80 - create IPUIPlugin
2024-09-29 12:34:43,123 [INFO] PluginManager:220 - loadIPPluginJar : add ucpd
2024-09-29 12:34:43,213 [INFO] IPUIPlugin:80 - create IPUIPlugin
2024-09-29 12:34:43,215 [INFO] PluginManager:220 - loadIPPluginJar : add usart
2024-09-29 12:34:43,333 [INFO] IPUIPlugin:80 - create IPUIPlugin
2024-09-29 12:34:43,333 [INFO] PluginManager:220 - loadIPPluginJar : add usbx
2024-09-29 12:34:43,512 [INFO] CADModel:165 - CPN selected for project level
2024-09-29 12:34:43,512 [INFO] CADModel:114 - Register for checkConnection events
2024-09-29 12:34:43,512 [FATAL] Updater:334 - Updater called before beeing initialized
2024-09-29 12:34:43,512 [ERROR] CADModel:125 - Updater not yet initialized, retry later 
2024-09-29 12:34:43,725 [INFO] CADModel:165 - CPN selected for project level
2024-09-29 12:34:43,725 [INFO] CADModel:114 - Register for checkConnection events
2024-09-29 12:34:43,725 [FATAL] Updater:334 - Updater called before beeing initialized
2024-09-29 12:34:43,725 [ERROR] CADModel:125 - Updater not yet initialized, retry later 
2024-09-29 12:34:43,730 [FATAL] Updater:334 - Updater called before beeing initialized
2024-09-29 12:34:43,897 [FATAL] Updater:334 - Updater called before beeing initialized
2024-09-29 12:34:43,912 [INFO] DbMcusAds:53 - JSON generation date=Mon Sep 16 23:40:22 KST 2024 (1726497622318)
2024-09-29 12:34:43,913 [FATAL] Updater:334 - Updater called before beeing initialized
2024-09-29 12:34:43,967 [WARN] DetailPanel:346 - Failed to get advertising image, set to default
2024-09-29 12:34:44,096 [FATAL] Updater:334 - Updater called before beeing initialized
2024-09-29 12:34:44,099 [FATAL] Updater:334 - Updater called before beeing initialized
2024-09-29 12:34:44,100 [FATAL] Updater:334 - Updater called before beeing initialized
2024-09-29 12:34:44,100 [WARN] DetailPanel:346 - Failed to get advertising image, set to default
2024-09-29 12:34:44,102 [FATAL] Updater:334 - Updater called before beeing initialized
2024-09-29 12:34:44,208 [ERROR] Updater:1164 - MainUpdater not yet initialized. External WinMGr cannot be set.
2024-09-29 12:34:44,227 [INFO] Updater:1100 - Updater Version found : 6.12.0
2024-09-29 12:34:44,252 [INFO] ApplicationProperties:184 - Using Application install path: C:\ST\STM32CubeIDE_1.16.0\STM32CubeIDE\plugins\com.st.stm32cube.common.mx_6.12.0.202406281431
2024-09-29 12:34:45,122 [INFO] ThirdPartyUpdaterWithRetryManager:70 - Updater plugin not ready yet. [3/15]
2024-09-29 12:34:45,837 [ERROR] LogOutputStream:75 - [STDERR_REDIRECT] Sep 29, 2024 12:34:45 PM java.util.prefs.WindowsPreferences <init>
2024-09-29 12:34:45,838 [ERROR] LogOutputStream:75 - [STDERR_REDIRECT] WARNING: Could not open/create prefs root node Software\JavaSoft\Prefs at root 0xffffffff80000002. Windows RegCreateKeyEx(...) returned error code 5.
2024-09-29 12:34:45,839 [ERROR] LogOutputStream:75 - [STDERR_REDIRECT] 
2024-09-29 12:34:46,376 [INFO] MainUpdater:2873 - connection check result : 10
2024-09-29 12:34:46,377 [INFO] MainUpdater:290 - Updater Check For Update Now.
2024-09-29 12:34:46,377 [INFO] MicroXplorer:498 - Change Database Version : DB.6.0.120
2024-09-29 12:34:46,402 [INFO] McuFinderGlobals:63 - Set McuFinder mode to 2 (CubeIDE integrated)
2024-09-29 12:34:46,411 [INFO] UserAuth:417 - Internet connection configuration mode: 1
2024-09-29 12:34:46,449 [INFO] JxBrowserEngine:152 - Initiate JxBrowser Engine with user profile folder
2024-09-29 12:34:46,615 [INFO] CheckServerUpdateThread:120 - End of CheckServer Thread
2024-09-29 12:34:48,316 [WARN] PackLoader:240 - Cannot read IP mode file for STMicroelectronics.FP-SNS-MOTENVWB1.1.4.0
2024-09-29 12:34:48,338 [WARN] PackLoader:240 - Cannot read IP mode file for STMicroelectronics.X-CUBE-SMBUS.2.1.0
2024-09-29 12:34:48,392 [WARN] PackLoader:240 - Cannot read IP mode file for STMicroelectronics.X-CUBE-AZRTOS-F7.1.1.0
2024-09-29 12:34:48,505 [WARN] PackLoader:240 - Cannot read IP mode file for STMicroelectronics.X-CUBE-MEMS1.11.0.0
2024-09-29 12:34:48,745 [WARN] PackLoader:240 - Cannot read IP mode file for STMicroelectronics.FP-SNS-FLIGHT1.5.0.2
2024-09-29 12:34:48,770 [WARN] PackLoader:240 - Cannot read IP mode file for STMicroelectronics.X-CUBE-DISPLAY.3.0.0
2024-09-29 12:34:48,798 [WARN] PackLoader:240 - Cannot read IP mode file for STMicroelectronics.X-CUBE-BLE1.7.0.0
2024-09-29 12:34:48,820 [WARN] PackLoader:240 - Cannot read IP mode file for STMicroelectronics.X-CUBE-NFC10.1.0.0
2024-09-29 12:34:48,839 [WARN] PackLoader:240 - Cannot read IP mode file for emotas.I-CUBE-CANOPEN.1.3.0
2024-09-29 12:34:48,864 [WARN] PackLoader:240 - Cannot read IP mode file for STMicroelectronics.X-CUBE-BLEMGR.3.1.0
2024-09-29 12:34:48,888 [WARN] PackLoader:240 - Cannot read IP mode file for STMicroelectronics.FP-SNS-SMARTAG2.1.2.0
2024-09-29 12:34:48,917 [INFO] LogOutputStream:77 - [STDOUT_REDIRECT] 1 : Invalid condition id : UX_CORESTACK_Condition cause : null
2024-09-29 12:34:48,918 [INFO] LogOutputStream:77 - [STDOUT_REDIRECT] 1 : Invalid condition id : UX_CORESTACK_Condition cause : null
2024-09-29 12:34:48,919 [INFO] LogOutputStream:77 - [STDOUT_REDIRECT] 1 : Invalid condition id : UX_CORESTACK_Condition cause : null
2024-09-29 12:34:48,921 [INFO] LogOutputStream:77 - [STDOUT_REDIRECT] 1 : Invalid condition id : UX_CORESTACK_Condition cause : null
2024-09-29 12:34:48,922 [INFO] LogOutputStream:77 - [STDOUT_REDIRECT] 1 : Invalid condition id : UX_CORESTACK_Condition cause : null
2024-09-29 12:34:48,925 [WARN] PackLoader:240 - Cannot read IP mode file for STMicroelectronics.X-CUBE-AZRTOS-WL.2.0.0
2024-09-29 12:34:48,947 [WARN] PackLoader:240 - Cannot read IP mode file for STMicroelectronics.FP-SNS-MOTENV1.5.0.0
2024-09-29 12:34:48,966 [WARN] PackLoader:240 - Cannot read IP mode file for wolfSSL.I-CUBE-wolfMQTT.1.19.0
2024-09-29 12:34:48,986 [WARN] PackLoader:240 - Cannot read IP mode file for WES.I-CUBE-Cesium.1.3.0
2024-09-29 12:34:49,006 [WARN] PackLoader:240 - Cannot read IP mode file for STMicroelectronics.X-CUBE-BLE2.3.3.0
2024-09-29 12:34:49,029 [WARN] PackLoader:240 - Cannot read IP mode file for STMicroelectronics.X-CUBE-NFC9.1.0.0
2024-09-29 12:34:49,055 [WARN] PackLoader:240 - Cannot read IP mode file for STMicroelectronics.X-CUBE-TCPP.4.1.0
2024-09-29 12:34:49,112 [WARN] PackLoader:240 - Cannot read IP mode file for STMicroelectronics.X-CUBE-AZRTOS-G0.1.1.0
2024-09-29 12:34:49,144 [WARN] PackLoader:240 - Cannot read IP mode file for STMicroelectronics.X-CUBE-SAFEA1.1.2.2
2024-09-29 12:34:49,167 [WARN] PackLoader:240 - Cannot read IP mode file for STMicroelectronics.X-CUBE-NFC4.3.0.0
2024-09-29 12:34:49,200 [WARN] PackLoader:240 - Cannot read IP mode file for EmbeddedOffice.I-CUBE-FS-RTOS.1.0.1
2024-09-29 12:34:49,200 [ERROR] ConditionMgr:805 - Attr not supported : Dmpu
2024-09-29 12:34:49,200 [ERROR] ConditionMgr:805 - Attr not supported : Dmpu
2024-09-29 12:34:49,200 [ERROR] ConditionMgr:805 - Attr not supported : Dmpu
2024-09-29 12:34:49,200 [ERROR] ConditionMgr:805 - Attr not supported : Dmpu
2024-09-29 12:34:49,200 [ERROR] ConditionMgr:805 - Attr not supported : Dmpu
2024-09-29 12:34:49,201 [ERROR] ConditionMgr:805 - Attr not supported : Dmpu
2024-09-29 12:34:49,201 [ERROR] ConditionMgr:805 - Attr not supported : Dmpu
2024-09-29 12:34:49,201 [ERROR] ConditionMgr:805 - Attr not supported : Dmpu
2024-09-29 12:34:49,201 [ERROR] ConditionMgr:805 - Attr not supported : Dmpu
2024-09-29 12:34:49,201 [ERROR] ConditionMgr:805 - Attr not supported : Dmpu
2024-09-29 12:34:49,201 [ERROR] ConditionMgr:805 - Attr not supported : Dmpu
2024-09-29 12:34:49,201 [ERROR] ConditionMgr:805 - Attr not supported : Dmpu
2024-09-29 12:34:49,201 [ERROR] ConditionMgr:805 - Attr not supported : Dmpu
2024-09-29 12:34:49,201 [ERROR] ConditionMgr:805 - Attr not supported : Dmpu
2024-09-29 12:34:49,201 [ERROR] ConditionMgr:805 - Attr not supported : Dmpu
2024-09-29 12:34:49,202 [ERROR] ConditionMgr:805 - Attr not supported : Dmpu
2024-09-29 12:34:49,202 [ERROR] ConditionMgr:805 - Attr not supported : Dmpu
2024-09-29 12:34:49,208 [ERROR] ConditionMgr:805 - Attr not supported : Dmpu
2024-09-29 12:34:49,208 [ERROR] ConditionMgr:805 - Attr not supported : Dmpu
2024-09-29 12:34:49,208 [ERROR] ConditionMgr:805 - Attr not supported : Dmpu
2024-09-29 12:34:49,208 [ERROR] ConditionMgr:805 - Attr not supported : Dmpu
2024-09-29 12:34:49,208 [ERROR] ConditionMgr:805 - Attr not supported : Dmpu
2024-09-29 12:34:49,208 [ERROR] ConditionMgr:805 - Attr not supported : Dmpu
2024-09-29 12:34:49,208 [ERROR] ConditionMgr:805 - Attr not supported : Dmpu
2024-09-29 12:34:49,208 [ERROR] ConditionMgr:805 - Attr not supported : Dmpu
2024-09-29 12:34:49,208 [ERROR] ConditionMgr:805 - Attr not supported : Dmpu
2024-09-29 12:34:49,208 [ERROR] ConditionMgr:805 - Attr not supported : Dmpu
2024-09-29 12:34:49,208 [ERROR] ConditionMgr:805 - Attr not supported : Dmpu
2024-09-29 12:34:49,208 [ERROR] ConditionMgr:805 - Attr not supported : Dmpu
2024-09-29 12:34:49,210 [ERROR] ConditionMgr:805 - Attr not supported : Dmpu
2024-09-29 12:34:49,210 [ERROR] ConditionMgr:805 - Attr not supported : Dmpu
2024-09-29 12:34:49,210 [ERROR] ConditionMgr:805 - Attr not supported : Dmpu
2024-09-29 12:34:49,210 [ERROR] ConditionMgr:805 - Attr not supported : Dmpu
2024-09-29 12:34:49,210 [ERROR] ConditionMgr:805 - Attr not supported : Dmpu
2024-09-29 12:34:49,210 [ERROR] ConditionMgr:805 - Attr not supported : Dmpu
2024-09-29 12:34:49,210 [ERROR] ConditionMgr:805 - Attr not supported : Dmpu
2024-09-29 12:34:49,211 [ERROR] ConditionMgr:805 - Attr not supported : Dmpu
2024-09-29 12:34:49,211 [ERROR] ConditionMgr:805 - Attr not supported : Dmpu
2024-09-29 12:34:49,211 [ERROR] ConditionMgr:805 - Attr not supported : Dmpu
2024-09-29 12:34:49,211 [ERROR] ConditionMgr:805 - Attr not supported : Dmpu
2024-09-29 12:34:49,212 [ERROR] ConditionMgr:805 - Attr not supported : Dmpu
2024-09-29 12:34:49,212 [ERROR] ConditionMgr:805 - Attr not supported : Dmpu
2024-09-29 12:34:49,212 [ERROR] ConditionMgr:805 - Attr not supported : Dmpu
2024-09-29 12:34:49,212 [ERROR] ConditionMgr:805 - Attr not supported : Dmpu
2024-09-29 12:34:49,212 [ERROR] ConditionMgr:805 - Attr not supported : Dmpu
2024-09-29 12:34:49,212 [ERROR] ConditionMgr:805 - Attr not supported : Dmpu
2024-09-29 12:34:49,212 [ERROR] ConditionMgr:805 - Attr not supported : Dmpu
2024-09-29 12:34:49,212 [ERROR] ConditionMgr:805 - Attr not supported : Dmpu
2024-09-29 12:34:49,212 [ERROR] ConditionMgr:805 - Attr not supported : Dmpu
2024-09-29 12:34:49,212 [ERROR] ConditionMgr:805 - Attr not supported : Dmpu
2024-09-29 12:34:49,212 [ERROR] ConditionMgr:805 - Attr not supported : Dmpu
2024-09-29 12:34:49,212 [ERROR] ConditionMgr:805 - Attr not supported : Dmpu
2024-09-29 12:34:49,212 [ERROR] ConditionMgr:805 - Attr not supported : Dmpu
2024-09-29 12:34:49,212 [ERROR] ConditionMgr:805 - Attr not supported : Dmpu
2024-09-29 12:34:49,213 [ERROR] ConditionMgr:805 - Attr not supported : Dmpu
2024-09-29 12:34:49,213 [ERROR] ConditionMgr:805 - Attr not supported : Dmpu
2024-09-29 12:34:49,213 [ERROR] ConditionMgr:805 - Attr not supported : Dmpu
2024-09-29 12:34:49,213 [ERROR] ConditionMgr:805 - Attr not supported : Dmpu
2024-09-29 12:34:49,213 [ERROR] ConditionMgr:805 - Attr not supported : Dmpu
2024-09-29 12:34:49,213 [ERROR] ConditionMgr:805 - Attr not supported : Dmpu
2024-09-29 12:34:49,213 [ERROR] ConditionMgr:805 - Attr not supported : Dmpu
2024-09-29 12:34:49,213 [ERROR] ConditionMgr:805 - Attr not supported : Dmpu
2024-09-29 12:34:49,228 [ERROR] ConditionMgr:805 - Attr not supported : Dmpu
2024-09-29 12:34:49,228 [ERROR] ConditionMgr:805 - Attr not supported : Dmpu
2024-09-29 12:34:49,250 [WARN] PackLoader:240 - Cannot read IP mode file for RealThread.X-CUBE-RT-Thread_Nano.4.1.1
2024-09-29 12:34:49,269 [WARN] PackLoader:240 - Cannot read IP mode file for STMicroelectronics.FP-ATR-SIGFOX1.3.2.0
2024-09-29 12:34:49,289 [WARN] PackLoader:240 - Cannot read IP mode file for wolfSSL.I-CUBE-wolfSSL.5.7.2
2024-09-29 12:34:49,308 [WARN] PackLoader:240 - Cannot read IP mode file for STMicroelectronics.X-CUBE-EEPRMA1.5.1.0
2024-09-29 12:34:49,332 [WARN] PackLoader:240 - Cannot read IP mode file for ITTIA_DB.I-CUBE-ITTIADB.8.9.0
2024-09-29 12:34:49,388 [WARN] PackLoader:240 - Cannot read IP mode file for SEGGER.I-CUBE-embOS.1.3.1
2024-09-29 12:34:49,467 [WARN] PackLoader:240 - Cannot read IP mode file for STMicroelectronics.X-CUBE-ALGOBUILD.1.4.0
2024-09-29 12:34:49,516 [WARN] PackLoader:240 - Cannot read IP mode file for STMicroelectronics.X-CUBE-AZRTOS-F4.1.1.0
2024-09-29 12:34:49,545 [WARN] PackLoader:240 - Cannot read IP mode file for STMicroelectronics.X-CUBE-ISPU.2.1.0
2024-09-29 12:34:49,575 [WARN] PackLoader:240 - Cannot read IP mode file for STMicroelectronics.X-CUBE-FREERTOS.1.2.0
2024-09-29 12:34:49,622 [WARN] PackLoader:240 - Cannot read IP mode file for STMicroelectronics.X-CUBE-AZRTOS-L5.2.0.0
2024-09-29 12:34:49,685 [WARN] PackLoader:240 - Cannot read IP mode file for STMicroelectronics.X-CUBE-NFC6.3.1.0
2024-09-29 12:34:49,710 [WARN] PackLoader:240 - Cannot read IP mode file for STMicroelectronics.X-CUBE-DPower.1.2.0
2024-09-29 12:34:49,736 [WARN] PackLoader:240 - Cannot read IP mode file for STMicroelectronics.X-CUBE-AI.9.0.0
2024-09-29 12:34:49,762 [WARN] PackLoader:240 - Cannot read IP mode file for STMicroelectronics.X-CUBE-NFC7.1.0.1
2024-09-29 12:34:49,818 [WARN] ConditionMgr:438 - getConditionDescription Invalid condition id : LAN8742 Phy interface Condition cause : null
2024-09-29 12:34:49,819 [WARN] PackLoader:240 - Cannot read IP mode file for STMicroelectronics.X-CUBE-AZRTOS-L4.2.0.0
2024-09-29 12:34:49,821 [WARN] ConditionMgr:1039 - genDependencies : Invalid condition id : LAN8742 Phy interface Condition cause : null
2024-09-29 12:34:49,825 [WARN] ConditionMgr:1039 - genDependencies : Invalid condition id : LAN8742 Phy interface Condition cause : null
2024-09-29 12:34:49,826 [WARN] ConditionMgr:1039 - genDependencies : Invalid condition id : LAN8742 Phy interface Condition cause : null
2024-09-29 12:34:49,851 [WARN] PackLoader:240 - Cannot read IP mode file for STMicroelectronics.X-CUBE-SFXS2LP1.4.0.0
2024-09-29 12:34:49,914 [WARN] PackLoader:240 - Cannot read IP mode file for STMicroelectronics.X-CUBE-AZRTOS-H7.3.3.0
2024-09-29 12:34:49,970 [WARN] ConditionMgr:438 - getConditionDescription Invalid condition id : UX DEVICE CLASS RTOS Condition cause : null
2024-09-29 12:34:49,971 [WARN] ConditionMgr:438 - getConditionDescription Invalid condition id : UX DEVICE CLASS RTOS Condition cause : null
2024-09-29 12:34:49,976 [WARN] PackLoader:240 - Cannot read IP mode file for STMicroelectronics.X-CUBE-AZRTOS-WB.2.0.0
2024-09-29 12:34:49,976 [WARN] ConditionMgr:1039 - genDependencies : Invalid condition id : UX DEVICE CLASS RTOS Condition cause : null
2024-09-29 12:34:49,977 [WARN] ConditionMgr:1039 - genDependencies : Invalid condition id : UX DEVICE CLASS RTOS Condition cause : null
2024-09-29 12:34:49,977 [WARN] ConditionMgr:1039 - genDependencies : Invalid condition id : UX DEVICE CLASS RTOS Condition cause : null
2024-09-29 12:34:49,977 [WARN] ConditionMgr:1039 - genDependencies : Invalid condition id : UX DEVICE CLASS RTOS Condition cause : null
2024-09-29 12:34:49,977 [WARN] ConditionMgr:1039 - genDependencies : Invalid condition id : UX DEVICE CLASS RTOS Condition cause : null
2024-09-29 12:34:50,082 [WARN] PackLoader:240 - Cannot read IP mode file for STMicroelectronics.X-CUBE-GNSS1.7.0.0
2024-09-29 12:34:50,242 [WARN] PackLoader:240 - Cannot read IP mode file for STMicroelectronics.FP-SNS-STBOX1.2.0.0
2024-09-29 12:34:50,322 [INFO] WebApp:167 - Instantiating new browser for Auth
2024-09-29 12:34:50,358 [WARN] PackLoader:240 - Cannot read IP mode file for STMicroelectronics.X-CUBE-SUBG2.5.0.0
2024-09-29 12:34:50,398 [WARN] PackLoader:240 - Cannot read IP mode file for Cesanta.I-CUBE-Mongoose.7.13.0
2024-09-29 12:34:50,439 [WARN] PackLoader:240 - Cannot read IP mode file for STMicroelectronics.X-CUBE-AZRTOS-G4.2.0.0
2024-09-29 12:34:50,506 [WARN] PackLoader:240 - Cannot read IP mode file for STMicroelectronics.X-CUBE-ISPU.2.0.0
2024-09-29 12:34:50,528 [WARN] PackLoader:240 - Cannot read IP mode file for STMicroelectronics.X-CUBE-ALS.1.0.2
2024-09-29 12:34:50,558 [WARN] PackLoader:240 - Cannot read IP mode file for STMicroelectronics.X-CUBE-TOUCHGFX.4.24.0
2024-09-29 12:34:50,717 [WARN] PackLoader:240 - Cannot read IP mode file for STMicroelectronics.X-CUBE-TOUCHGFX.4.24.1
2024-09-29 12:34:50,767 [WARN] PackLoader:240 - Cannot read IP mode file for wolfSSL.I-CUBE-wolfTPM.3.4.0
2024-09-29 12:34:50,789 [WARN] PackLoader:240 - Cannot read IP mode file for portGmbH.I-Cube-SoM-uGOAL.1.1.0
2024-09-29 12:34:50,832 [WARN] PackLoader:240 - Cannot read IP mode file for STMicroelectronics.X-CUBE-AZRTOS-H7RS.1.0.0
2024-09-29 12:34:50,853 [WARN] PackLoader:240 - Cannot read IP mode file for STMicroelectronics.FP-ATR-ASTRA1.2.0.0
2024-09-29 12:34:50,885 [WARN] PackLoader:240 - Cannot read IP mode file for STMicroelectronics.X-CUBE-TOF1.3.4.2
2024-09-29 12:34:50,956 [WARN] PackLoader:240 - Cannot read IP mode file for Infineon.AIROC-Wi-Fi-Bluetooth-STM32.1.6.1
2024-09-29 12:34:50,978 [WARN] PackLoader:240 - Cannot read IP mode file for wolfSSL.I-CUBE-wolfSSH.1.4.17
2024-09-29 12:34:50,979 [INFO] ThirdParty:978 - Integrity check success = true
2024-09-29 12:34:50,979 [INFO] IntegrityCheckThread:100 - exiting critical section [integrity check]
2024-09-29 12:34:50,979 [INFO] IntegrityCheckThread:103 - End integrity checks thread
2024-09-29 12:34:51,545 [INFO] WebApp:448 - Apply proxy settings
2024-09-29 12:34:51,546 [INFO] WebApp:533 - Chromium requires no authentication
2024-09-29 12:34:51,561 [INFO] WebApp:476 - Direct internet connection detected
2024-09-29 12:34:51,598 [INFO] WebApp:869 - Register for checkConnection events
2024-09-29 12:34:51,598 [INFO] WebApp:448 - Apply proxy settings
2024-09-29 12:34:51,598 [INFO] WebApp:533 - Chromium requires no authentication
2024-09-29 12:34:51,599 [INFO] WebApp:476 - Direct internet connection detected
2024-09-29 12:34:51,911 [INFO] WebApp:220 - Starting web application
2024-09-29 12:34:51,911 [INFO] WebApp:578 - Web application path used C:\ST\STM32CubeIDE_1.16.0\STM32CubeIDE\plugins\com.st.stm32cube.common.mx_6.12.0.202406281431\db\plugins\mcufinder\reactClient1\index.html
2024-09-29 12:34:51,929 [INFO] WebApp:186 - Connection restablished
2024-09-29 12:34:52,170 [INFO] UserAuth:417 - Internet connection configuration mode: 1
2024-09-29 17:06:57,085 [INFO] McuFinderGlobals:63 - Set McuFinder mode to 2 (CubeIDE integrated)
2024-09-29 17:06:57,120 [INFO] MainUpdater:2873 - connection check result : 10
2024-09-29 17:06:57,130 [INFO] MainUpdater:2873 - connection check result : 10
2024-09-29 17:06:57,381 [INFO] RulesReader:64 - Compatibility file has been processed (297 Rules)
2024-09-29 17:06:57,391 [INFO] RulesReader:64 - Compatibility file has been processed (297 Rules)
2024-09-29 17:06:57,399 [INFO] MicroXplorer:468 - Change Database Path : 
2024-09-29 17:06:57,400 [INFO] MicroXplorer:498 - Change Database Version : DB.6.0.120
2024-09-29 17:06:57,408 [WARN] ThirdParty:871 - waiting for thirdparty lock release [close project]
2024-09-29 17:06:57,408 [INFO] ThirdParty:873 - entering critical section [close project]
2024-09-29 17:06:57,409 [INFO] ThirdParty:883 - exiting critical section [close project]
2024-09-29 17:06:57,412 [INFO] PinOutPanel:1561 - setPackage(No Configuration,No Configuration)
2024-09-29 17:06:57,418 [INFO] UtilMem:75 - Begin LoadConfig() Used Memory: 781639928 Bytes (1073741824)
2024-09-29 17:06:57,420 [INFO] MicroXplorer:468 - Change Database Path : 
2024-09-29 17:06:57,420 [INFO] MicroXplorer:498 - Change Database Version : DB.6.0.120
2024-09-29 17:06:57,420 [INFO] OpenFileManager:332 - Change cursor
2024-09-29 17:06:57,475 [INFO] Mcu:2032 - Initializing MCU STM32F407V(E-G)Tx STM32F407VETx STM32F407VET6
2024-09-29 17:06:59,537 [INFO] Context:742 - Trying to add GPIOservice into a context  which must be forbidden
2024-09-29 17:07:00,711 [INFO] RtosManager:555 - Registered RTOS mode: class=CMSIS, group=RTOS, mode=CMSIS_V1, owner=FREERTOS
2024-09-29 17:07:00,711 [INFO] RtosManager:555 - Registered RTOS mode: class=CMSIS, group=RTOS2, mode=CMSIS_V2, owner=FREERTOS
2024-09-29 17:07:00,712 [INFO] RtosManager:555 - Registered RTOS mode: class=RTOS, group=Core, mode=CMSIS_V1, owner=FREERTOS
2024-09-29 17:07:00,712 [INFO] RtosManager:555 - Registered RTOS mode: class=RTOS, group=Core, mode=CMSIS_V2, owner=FREERTOS
2024-09-29 17:07:00,712 [WARN] ModelIntegratedComponent:184 - Missing modes for component STMicroelectronics:FreeRTOS:0.0.1:STMicroelectronics:RTOS:FreeRTOS:Core:::10.2.0:
2024-09-29 17:07:00,729 [WARN] ModelIntegratedComponent:63 - No mode defined for component null
2024-09-29 17:07:00,729 [WARN] ModelIntegratedComponent:63 - No mode defined for component null
2024-09-29 17:07:00,729 [WARN] ModelIntegratedComponent:63 - No mode defined for component null
2024-09-29 17:07:00,729 [WARN] ModelIntegratedComponent:63 - No mode defined for component null
2024-09-29 17:07:00,729 [WARN] ModelIntegratedComponent:63 - No mode defined for component null
2024-09-29 17:07:00,729 [WARN] ModelIntegratedComponent:63 - No mode defined for component null
2024-09-29 17:07:00,729 [WARN] ModelIntegratedComponent:63 - No mode defined for component null
2024-09-29 17:07:00,729 [WARN] ModelIntegratedComponent:63 - No mode defined for component null
2024-09-29 17:07:00,729 [WARN] ModelIntegratedComponent:63 - No mode defined for component null
2024-09-29 17:07:00,729 [WARN] ModelIntegratedComponent:63 - No mode defined for component null
2024-09-29 17:07:00,729 [WARN] ModelIntegratedComponent:63 - No mode defined for component null
2024-09-29 17:07:00,729 [WARN] ModelIntegratedComponent:63 - No mode defined for component null
2024-09-29 17:07:00,729 [WARN] ModelIntegratedComponent:63 - No mode defined for component null
2024-09-29 17:07:00,730 [WARN] ModelIntegratedComponent:63 - No mode defined for component null
2024-09-29 17:07:00,730 [WARN] ModelIntegratedComponent:63 - No mode defined for component null
2024-09-29 17:07:00,730 [WARN] ModelIntegratedComponent:63 - No mode defined for component null
2024-09-29 17:07:00,730 [WARN] ModelIntegratedComponent:63 - No mode defined for component null
2024-09-29 17:07:00,730 [WARN] ModelIntegratedComponent:63 - No mode defined for component null
2024-09-29 17:07:00,730 [WARN] ModelIntegratedComponent:63 - No mode defined for component null
2024-09-29 17:07:00,730 [WARN] ModelIntegratedComponent:63 - No mode defined for component null
2024-09-29 17:07:00,730 [WARN] ModelIntegratedComponent:63 - No mode defined for component null
2024-09-29 17:07:00,730 [WARN] ModelIntegratedComponent:63 - No mode defined for component null
2024-09-29 17:07:00,730 [WARN] ModelIntegratedComponent:63 - No mode defined for component null
2024-09-29 17:07:00,730 [WARN] ModelIntegratedComponent:63 - No mode defined for component null
2024-09-29 17:07:00,730 [WARN] ModelIntegratedComponent:63 - No mode defined for component null
2024-09-29 17:07:00,730 [WARN] ModelIntegratedComponent:63 - No mode defined for component null
2024-09-29 17:07:00,730 [WARN] ModelIntegratedComponent:63 - No mode defined for component null
2024-09-29 17:07:00,730 [WARN] ModelIntegratedComponent:63 - No mode defined for component null
2024-09-29 17:07:00,730 [WARN] ModelIntegratedComponent:63 - No mode defined for component null
2024-09-29 17:07:00,730 [WARN] ModelIntegratedComponent:63 - No mode defined for component null
2024-09-29 17:07:00,730 [WARN] ModelIntegratedComponent:63 - No mode defined for component null
2024-09-29 17:07:00,730 [WARN] ModelIntegratedComponent:63 - No mode defined for component null
2024-09-29 17:07:00,730 [WARN] ModelIntegratedComponent:63 - No mode defined for component null
2024-09-29 17:07:00,731 [WARN] ModelIntegratedComponent:63 - No mode defined for component null
2024-09-29 17:07:00,731 [WARN] ModelIntegratedComponent:63 - No mode defined for component null
2024-09-29 17:07:00,731 [WARN] ModelPack:524 - Component already loaded: STMicroelectronics:HAL Drivers:0.0.0:STMicroelectronics:Device:STMicro_Driver:XSPI:HAL::0.0.1:HAL_XSPI
2024-09-29 17:07:00,766 [INFO] ThirdPartyModel:298 - Start build external matchings
2024-09-29 17:07:01,094 [INFO] ThirdPartyModel:316 - End build external matchings
2024-09-29 17:07:01,115 [INFO] ImportTextPane:205 - (OptionalMessage_ERROR) IP (RCC) : Parameter (48MHZClocksFreq_Value) has invalid value (84000000)
2024-09-29 17:07:01,116 [INFO] ImportTextPane:205 - (OptionalMessage_ERROR) IP (RCC) : Parameter (RTCHSEDivFreq_Value) has invalid value (4000000)
2024-09-29 17:07:01,562 [INFO] ApiDb:581 - Connected to CubeFinder SQLite database (C:\Users\hyn02\.stmcufinder\plugins\mcufinder\mcu\cube-finder-db.db)
2024-09-29 17:07:01,639 [INFO] ApiDb:668 - CubeFinder database Data Model version=2.1
2024-09-29 17:07:01,639 [INFO] ApiDb:669 - CubeFinder database Configuration version=3.0.39
2024-09-29 17:07:01,640 [INFO] ApiDb:670 - CubeFinder database generation date=2024-09-16 (1726485674)
2024-09-29 17:07:01,640 [INFO] ApiDb:671 - CubeFinder database FW Pack versions=[FP-ATR-ASTRA1_V2.0.0, FP-SNS-FLIGHT1_V5.0.2, FP-SNS-MOTENV1_V5.0.0, FP-SNS-MOTENVWB1_V1.4.0, FP-SNS-SMARTAG2_V1.2.0, FP-SNS-STBOX1_V2.0.0, STM32Cube_FW_C0_V1.2.0, STM32Cube_FW_F4_V1.28.1, STM32Cube_FW_F7_V1.17.2, STM32Cube_FW_G0_V1.6.2, STM32Cube_FW_G4_V1.6.0, STM32Cube_FW_H5_V1.3.0, STM32Cube_FW_H7RS_V1.1.0, STM32Cube_FW_H7_V1.11.2, STM32Cube_FW_L0_V1.12.2, STM32Cube_FW_L5_V1.5.1, STM32Cube_FW_U0_V1.1.0, STM32Cube_FW_U5_V1.6.0, STM32Cube_FW_WB0_V1.0.0, STM32Cube_FW_WBA_V1.4.1, STM32Cube_FW_WB_V1.20.0, STM32Cube_FW_WL_V1.3.0, X-CUBE-ALGOBUILD_V1.4.0, X-CUBE-ALS_V1.0.2, X-CUBE-AZRTOS-F4_V1.1.0, X-CUBE-AZRTOS-F7_V1.1.0, X-CUBE-AZRTOS-G0_V1.1.0, X-CUBE-AZRTOS-G4_V2.0.0, X-CUBE-AZRTOS-H7RS_V1.0.0, X-CUBE-AZRTOS-H7_V3.2.0, X-CUBE-AZRTOS-L4_V2.0.0, X-CUBE-AZRTOS-L5_V2.0.0, X-CUBE-AZRTOS-WB_V2.0.0, X-CUBE-AZRTOS-WL_V2.0.0, X-CUBE-BLE1_V7.0.0, X-CUBE-BLE2_V3.3.0, X-CUBE-BLEMGR_V3.1.0, X-CUBE-EEPRMA1_V5.1.0, X-CUBE-FREERTOS_V1.2.0, X-CUBE-GNSS1_V6.0.0, X-CUBE-MEMS1_V11.0.0, X-CUBE-NFC4_V3.0.0, X-CUBE-NFC7_V1.0.1, X-CUBE-SFXS2LP1_V4.0.0, X-CUBE-SUBG2_V5.0.0, X-CUBE-TOF1_V3.4.2]
2024-09-29 17:07:01,779 [INFO] DbBoardsSqlite:226 - include board P-NUCLEO-WB55-NUCLEO as a kit item of type 'Nucleo-64'
2024-09-29 17:07:01,780 [INFO] DbBoardsSqlite:226 - include board P-NUCLEO-WB55-USBDONGLE as a kit item of type 'Nucleo USB Dongle'
2024-09-29 17:07:01,781 [INFO] DbBoardsSqlite:226 - include board STEVAL-IDP005V1 as a kit item of type 'Evaluation Board'
2024-09-29 17:07:01,781 [INFO] DbBoardsSqlite:226 - include board STEVAL-IDP005V2 as a kit item of type 'Evaluation Board'
2024-09-29 17:07:02,063 [INFO] ApiDb:240 - Found 646 in-development CPN: [B-G473E-ZEST1S, B-WB1M-WPAN1, B-WL5M-SUBG1, NUCLEO-C031C6, NUCLEO-C071RB, NUCLEO-H503RB, NUCLEO-H533RE, NUCLEO-H563ZI, NUCLEO-H7S3L8, NUCLEO-U031R8, NUCLEO-U083RC, NUCLEO-U545RE-Q, NUCLEO-U5A5ZJ-Q, NUCLEO-WB05KZ, NUCLEO-WB07CC, NUCLEO-WB09KE, NUCLEO-WBA52CG, NUCLEO-WBA55CG, STEVAL-PROTEUS1, STEVAL-SMARTAG2, STEVAL-STWINBX1, STM320518-EVAL, STM32C0116-DK, STM32C011D6Y3TR, STM32C011D6Y6TR, STM32C011F4P3, STM32C011F4P6, STM32C011F4U3, STM32C011F4U6TR, STM32C011F6P3, STM32C011F6P6, STM32C011F6U3, STM32C011F6U6TR, STM32C011J4M3, STM32C011J4M6, STM32C011J6M3, STM32C011J6M6, STM32C0316-DK, STM32C031C4T3, STM32C031C4T6, STM32C031C4U3, STM32C031C4U6, STM32C031C6T3, STM32C031C6T6, STM32C031C6U3, STM32C031C6U6, STM32C031F4P3, STM32C031F4P6, STM32C031F6P3, STM32C031F6P6, STM32C031G4U3, STM32C031G4U6, STM32C031G6U3, STM32C031G6U6, STM32C031K4T3, STM32C031K4T6, STM32C031K4U3, STM32C031K4U6, STM32C031K6T3, STM32C031K6T6, STM32C031K6U3, STM32C031K6U6, STM32C071C8T6, STM32C071C8T6N, STM32C071C8U6, STM32C071C8U6N, STM32C071CBT6, STM32C071CBT6N, STM32C071CBU6, STM32C071CBU6N, STM32C071F8P6, STM32C071F8P6N, STM32C071FBP6, STM32C071FBP6N, STM32C071FBY6TR, STM32C071G8U6, STM32C071G8U6N, STM32C071GBU6, STM32C071GBU6N, STM32C071K8T6, STM32C071K8T6N, STM32C071K8U6, STM32C071K8U6N, STM32C071KBT6, STM32C071KBT6N, STM32C071KBU6, STM32C071KBU6N, STM32C071R8T6, STM32C071R8T6N, STM32C071RBI6N, STM32C071RBT6, STM32C071RBT6N, STM32G071K8TXN, STM32G071K8UXN, STM32G081GBU6N, STM32G081KBT6N, STM32G081KBUXN, STM32G0B1CCT6N, STM32G0B1KCT6, STM32G0B1NEY6TR, STM32G0B1RCT6N, STM32G0C1CCT6, STM32G0C1CCT6N, STM32G0C1CCU6N, STM32G0C1CET6N, STM32G0C1CEU6N, STM32G0C1KCT6, STM32G0C1NEY6TR, STM32G0C1RCI6N, STM32G0C1RCT6N, STM32G0C1REI6N, STM32G0C1RET6N, STM32G0C1VCI6, STM32G0C1VEI6, STM32G411C6T3, STM32G411C6T6, STM32G411C6U3, STM32G411C6U6, STM32G411C8T3, STM32G411C8T6, STM32G411C8U3, STM32G411C8U6, STM32G411CBT3, STM32G411CBT6, STM32G411CBU3, STM32G411CBU6, STM32G411K6T3, STM32G411K6T6, STM32G411K6U3, STM32G411K6U6, STM32G411K8T3, STM32G411K8T6, STM32G411K8U3, STM32G411K8U6, STM32G411KBT3, STM32G411KBT6, STM32G411KBU3, STM32G411KBU6, STM32G411M6T3, STM32G411M6T6, STM32G411M8T3, STM32G411M8T6, STM32G411MBT3, STM32G411MBT6, STM32G411R6T3, STM32G411R6T6, STM32G411R8T3, STM32G411R8T6, STM32G411RBT3, STM32G411RBT6, STM32G414CBT3, STM32G414CBT6, STM32G414CBU3, STM32G414CBU6, STM32G414CCT3, STM32G414CCT6, STM32G414CCU3, STM32G414CCU6, STM32G414MBT3, STM32G414MBT6, STM32G414MCT3, STM32G414MCT6, STM32G414RBT3, STM32G414RBT6, STM32G414RCT3, STM32G414RCT6, STM32G414VBT3, STM32G414VBT6, STM32G414VCT3, STM32G414VCT6, STM32G431CBT3Z, STM32G431RBT3Z, STM32G471CCT6, STM32G471CCU6, STM32G471CET3, STM32G471CET6, STM32G471CEU3, STM32G471CEU6, STM32G471MCT6, STM32G471MET3, STM32G471MET6, STM32G471MEY6TR, STM32G471QCT6, STM32G471QET3, STM32G471RCT6, STM32G471RET3, STM32G471RET6, STM32G471VCH6, STM32G471VCI6, STM32G471VCT6, STM32G471VEH3, STM32G471VEH6, STM32G471VEI3, STM32G471VEI6, STM32G471VET3, STM32G471VET6, STM32G473QET3Z, STM32G473RET3Z, STM32G474CCT6, STM32G491RET3Z, STM32H503CBT6, STM32H503CBU6, STM32H503EBY6TR, STM32H503KBU6, STM32H503RBT6, STM32H523CCT6, STM32H523CCU6, STM32H523CET6, STM32H523CEU6, STM32H523HEY6TR, STM32H523RCT6, STM32H523RET6, STM32H523VCI6, STM32H523VCT6, STM32H523VEI6, STM32H523VET6, STM32H523ZCJ6, STM32H523ZCT6, STM32H523ZEJ6, STM32H523ZET6, STM32H533CET6, STM32H533CEU6, STM32H533HEY6TR, STM32H533RET6, STM32H533VEI6, STM32H533VET6, STM32H533ZEJ6, STM32H533ZET6, STM32H562AGI6, STM32H562AII6, STM32H562IGK6, STM32H562IGT6, STM32H562IIK6, STM32H562IIT6, STM32H562RGT6, STM32H562RGV6, STM32H562RIT6, STM32H562RIV6, STM32H562VGT6, STM32H562VIT6, STM32H562ZGT6, STM32H562ZIT6, STM32H563AGI6, STM32H563AII3Q, STM32H563AII6, STM32H563IGK6, STM32H563IGT6, STM32H563IIK3Q, STM32H563IIK6, STM32H563IIT3Q, STM32H563IIT6, STM32H563MIY3QTR, STM32H563RGT6, STM32H563RGV6, STM32H563RIT6, STM32H563RIV6, STM32H563VGT6, STM32H563VIT3Q, STM32H563VIT6, STM32H563ZGT6, STM32H563ZIT3Q, STM32H563ZIT6, STM32H573AII3Q, STM32H573AII6, STM32H573I-DK, STM32H573IIK3Q, STM32H573IIK6, STM32H573IIT3Q, STM32H573IIT6, STM32H573MIY3QTR, STM32H573RIT6, STM32H573RIV6, STM32H573VIT3Q, STM32H573VIT6, STM32H573ZIT3Q, STM32H573ZIT6, STM32H7R3A8I6, STM32H7R3I8K6, STM32H7R3I8T6, STM32H7R3L8H6, STM32H7R3L8H6H, STM32H7R3R8V6, STM32H7R3V8H6, STM32H7R3V8T6, STM32H7R3V8Y6TR, STM32H7R3Z8J6, STM32H7R3Z8T6, STM32H7R7A8I6, STM32H7R7I8K6, STM32H7R7I8T6, STM32H7R7L8H6, STM32H7R7L8H6H, STM32H7R7Z8J6, STM32H7S3A8I6, STM32H7S3I8K6, STM32H7S3I8T6, STM32H7S3L8H6, STM32H7S3L8H6H, STM32H7S3R8V6, STM32H7S3V8H6, STM32H7S3V8T6, STM32H7S3V8Y6TR, STM32H7S3Z8J6, STM32H7S3Z8T6, STM32H7S78-DK, STM32H7S7A8I6, STM32H7S7I8K6, STM32H7S7I8T6, STM32H7S7L8H6, STM32H7S7L8H6H, STM32H7S7Z8J6, STM32L4R5QGI6STR, STM32MP131AAE3, STM32MP131AAF3, STM32MP131AAG3, STM32MP131CAE3, STM32MP131CAF3, STM32MP131CAG3, STM32MP131DAE7, STM32MP131DAF7, STM32MP131DAG7, STM32MP131FAE7, STM32MP131FAF7, STM32MP131FAG7, STM32MP133AAE3, STM32MP133AAF3, STM32MP133AAG3, STM32MP133CAE3, STM32MP133CAF3, STM32MP133CAG3, STM32MP133DAE7, STM32MP133DAF7, STM32MP133DAG7, STM32MP133FAE7, STM32MP133FAF7, STM32MP133FAG7, STM32MP135AAE3, STM32MP135AAF3, STM32MP135AAG3, STM32MP135CAE3, STM32MP135CAF3, STM32MP135CAG3, STM32MP135DAE7, STM32MP135DAF7, STM32MP135DAG7, STM32MP135F-DK, STM32MP135FAE7, STM32MP135FAF7, STM32MP135FAF7T, STM32MP135FAF7U, STM32MP135FAG7, STM32MP251AAI3, STM32MP251AAK3, STM32MP251AAL3, STM32MP251CAI3, STM32MP251CAK3, STM32MP251CAL3, STM32MP251DAI3, STM32MP251DAK3, STM32MP251DAL3, STM32MP251FAI3, STM32MP251FAK3, STM32MP251FAL3, STM32MP253AAI3, STM32MP253AAK3, STM32MP253AAL3, STM32MP253CAI3, STM32MP253CAK3, STM32MP253CAL3, STM32MP253DAI3, STM32MP253DAK3, STM32MP253DAL3, STM32MP253FAI3, STM32MP253FAK3, STM32MP253FAL3, STM32MP255AAI3, STM32MP255AAK3, STM32MP255AAL3, STM32MP255CAI3, STM32MP255CAK3, STM32MP255CAL3, STM32MP255DAI3, STM32MP255DAK3, STM32MP255DAL3, STM32MP255FAI3, STM32MP255FAK3, STM32MP255FAL3, STM32MP257AAI3, STM32MP257AAK3, STM32MP257AAL3, STM32MP257CAI3, STM32MP257CAK3, STM32MP257CAL3, STM32MP257DAI3, STM32MP257DAK3, STM32MP257DAL3, STM32MP257F-DK, STM32MP257F-EV1, STM32MP257FAI3, STM32MP257FAK3, STM32MP257FAL3, STM32U031C6T6, STM32U031C6U6, STM32U031C8T6, STM32U031C8U6, STM32U031F4P6, STM32U031F6P6, STM32U031F8P6, STM32U031G6Y6TR, STM32U031G8Y6TR, STM32U031K4U6, STM32U031K6U6, STM32U031K8U6, STM32U031R6I6, STM32U031R6T6, STM32U031R8I6, STM32U031R8T6, STM32U073C8T6, STM32U073C8U6, STM32U073CBT6, STM32U073CBU6, STM32U073CCT6, STM32U073CCU6, STM32U073H8Y6TR, STM32U073HBY6TR, STM32U073HCY6TR, STM32U073K8U6, STM32U073KBU6, STM32U073KCU6, STM32U073M8I6, STM32U073M8T6, STM32U073MBI6, STM32U073MBT6, STM32U073MCI6, STM32U073MCT6, STM32U073R8I6, STM32U073R8T6, STM32U073RBI6, STM32U073RBT6, STM32U073RCI6, STM32U073RCT6, STM32U083C-DK, STM32U083CCT6, STM32U083CCU6, STM32U083HCY6TR, STM32U083KCU6, STM32U083MCI6, STM32U083MCT6, STM32U083RCI6, STM32U083RCT6, STM32U535CBT6, STM32U535CBT6Q, STM32U535CBU6, STM32U535CBU6Q, STM32U535CCT6, STM32U535CCT6Q, STM32U535CCU6, STM32U535CCU6Q, STM32U535CET6, STM32U535CET6Q, STM32U535CEU6, STM32U535CEU6Q, STM32U535JEY6QTR, STM32U535NCY6QTR, STM32U535NEY6QTR, STM32U535RBI6, STM32U535RBI6Q, STM32U535RBT6, STM32U535RBT6Q, STM32U535RCI6, STM32U535RCI6Q, STM32U535RCT6, STM32U535RCT6Q, STM32U535REI6, STM32U535REI6Q, STM32U535RET6, STM32U535RET6Q, STM32U535VCI6, STM32U535VCI6Q, STM32U535VCT6, STM32U535VCT6Q, STM32U535VEI6, STM32U535VEI6Q, STM32U535VET6, STM32U535VET6Q, STM32U545CET6, STM32U545CET6Q, STM32U545CEU6, STM32U545CEU6Q, STM32U545JEY6QTR, STM32U545NEY6QTR, STM32U545REI6, STM32U545REI6Q, STM32U545RET6, STM32U545RET6Q, STM32U545VEI6, STM32U545VEI6Q, STM32U545VET6, STM32U545VET6Q, STM32U595AIH6, STM32U595AIH6Q, STM32U595AJH6, STM32U595AJH6Q, STM32U595QII6, STM32U595QII6Q, STM32U595QJI6, STM32U595QJI6Q, STM32U595RIT6, STM32U595RIT6Q, STM32U595RJT6, STM32U595RJT6Q, STM32U595VIT6, STM32U595VIT6Q, STM32U595VJT6, STM32U595VJT6Q, STM32U595ZIT6, STM32U595ZIT6Q, STM32U595ZIY6QTR, STM32U595ZJT6, STM32U595ZJT6Q, STM32U595ZJY6QTR, STM32U599BJY6QTR, STM32U599NIH6Q, STM32U599NJH6Q, STM32U599VIT6Q, STM32U599VJT6, STM32U599VJT6Q, STM32U599ZIT6Q, STM32U599ZIY6QTR, STM32U599ZJT6Q, STM32U599ZJY6QTR, STM32U5A5AJH6, STM32U5A5AJH6Q, STM32U5A5QII3Q , STM32U5A5QJI6, STM32U5A5QJI6Q, STM32U5A5RJT6, STM32U5A5RJT6Q, STM32U5A5VJT6, STM32U5A5VJT6Q, STM32U5A5ZJT6, STM32U5A5ZJT6Q, STM32U5A5ZJY6QTR, STM32U5A9BJY6QTR, STM32U5A9J-DK, STM32U5A9NJH6Q, STM32U5A9VJT6Q, STM32U5A9ZJT6Q, STM32U5A9ZJY6QTR, STM32U5F7VIT6, STM32U5F7VIT6Q, STM32U5F7VJT6, STM32U5F7VJT6Q, STM32U5F9BJY6QTR, STM32U5F9NJH6Q, STM32U5F9VIT6Q, STM32U5F9VJT6Q, STM32U5F9ZIJ6QTR, STM32U5F9ZIT6Q, STM32U5F9ZJJ6QTR, STM32U5F9ZJT6Q, STM32U5G7VJT6, STM32U5G7VJT6Q, STM32U5G9BJY6QTR, STM32U5G9J-DK1, STM32U5G9J-DK2, STM32U5G9NJH6Q, STM32U5G9VJT6Q, STM32U5G9ZJJ6QTR, STM32U5G9ZJT6Q, STM32WB05KZV6TR, STM32WB05KZV7TR, STM32WB05TZF6TR, STM32WB05TZF7TR, STM32WB06CCF6TR, STM32WB06CCF7TR, STM32WB06CCV6TR, STM32WB06CCV7TR, STM32WB06KCV6TR, STM32WB06KCV7TR, STM32WB07CCF6TR, STM32WB07CCF7TR, STM32WB07CCV6TR, STM32WB07CCV7TR, STM32WB07KCV6TR, STM32WB07KCV7TR, STM32WB09KEV6TR, STM32WB09KEV7TR, STM32WB09TEF6TR, STM32WB09TEF7TR, STM32WB1MMCH6, STM32WBA50KGU6, STM32WBA50KGU6TR, STM32WBA52CEU6, STM32WBA52CEU6TR, STM32WBA52CEU7, STM32WBA52CEU7TR, STM32WBA52CGU6, STM32WBA52CGU6TR, STM32WBA52CGU6U, STM32WBA52CGU7, STM32WBA52CGU7TR, STM32WBA52KEU6, STM32WBA52KEU6TR, STM32WBA52KGU6, STM32WBA52KGU6TR, STM32WBA54CEU6, STM32WBA54CEU6TR, STM32WBA54CEU7, STM32WBA54CEU7TR, STM32WBA54CGU6, STM32WBA54CGU6TR, STM32WBA54CGU7, STM32WBA54CGU7TR, STM32WBA54KEU6, STM32WBA54KEU6TR, STM32WBA54KEU7, STM32WBA54KEU7TR, STM32WBA54KGU6, STM32WBA54KGU6TR, STM32WBA54KGU7, STM32WBA54KGU7TR, STM32WBA55CEU6, STM32WBA55CEU6TR, STM32WBA55CEU7, STM32WBA55CEU7TR, STM32WBA55CGU6, STM32WBA55CGU6TR, STM32WBA55CGU6U, STM32WBA55CGU7, STM32WBA55CGU7TR, STM32WBA55G-DK1, STM32WBA55HEF6, STM32WBA55HEF7, STM32WBA55HGF6, STM32WBA55HGF7, STM32WBA55UEI6, STM32WBA55UEI6TR, STM32WBA55UEI7, STM32WBA55UEI7TR, STM32WBA55UGI6, STM32WBA55UGI6TR, STM32WBA55UGI7, STM32WBA55UGI7TR, STM32WL5MOCH6, STM32WL5MOCH6TR]
2024-09-29 17:07:02,243 [INFO] BoardInfo:889 - No configuration file found for board P-NUCLEO-WB55
2024-09-29 17:07:02,245 [INFO] DbBoards:161 - Kit is not supported: P-NUCLEO-WB55
2024-09-29 17:07:02,250 [INFO] BoardInfo:889 - No configuration file found for board STEVAL-BFA001V1B
2024-09-29 17:07:02,251 [INFO] DbBoards:161 - Kit is not supported: STEVAL-BFA001V1B
2024-09-29 17:07:02,252 [INFO] BoardInfo:889 - No configuration file found for board STEVAL-BFA001V2B
2024-09-29 17:07:02,253 [INFO] DbBoards:161 - Kit is not supported: STEVAL-BFA001V2B
2024-09-29 17:07:02,468 [INFO] DbBoards:168 - Found 201 boards, 198 are supported
2024-09-29 17:07:02,469 [INFO] DbBoards:169 - Found 201 boards, 25 of them is supported for  Bsp
2024-09-29 17:07:02,475 [INFO] ApiDb:668 - CubeFinder database Data Model version=2.1
2024-09-29 17:07:02,475 [INFO] ApiDb:669 - CubeFinder database Configuration version=3.0.39
2024-09-29 17:07:02,475 [INFO] ApiDb:670 - CubeFinder database generation date=2024-09-16 (1726485674)
2024-09-29 17:07:02,475 [INFO] ApiDb:671 - CubeFinder database FW Pack versions=[FP-ATR-ASTRA1_V2.0.0, FP-SNS-FLIGHT1_V5.0.2, FP-SNS-MOTENV1_V5.0.0, FP-SNS-MOTENVWB1_V1.4.0, FP-SNS-SMARTAG2_V1.2.0, FP-SNS-STBOX1_V2.0.0, STM32Cube_FW_C0_V1.2.0, STM32Cube_FW_F4_V1.28.1, STM32Cube_FW_F7_V1.17.2, STM32Cube_FW_G0_V1.6.2, STM32Cube_FW_G4_V1.6.0, STM32Cube_FW_H5_V1.3.0, STM32Cube_FW_H7RS_V1.1.0, STM32Cube_FW_H7_V1.11.2, STM32Cube_FW_L0_V1.12.2, STM32Cube_FW_L5_V1.5.1, STM32Cube_FW_U0_V1.1.0, STM32Cube_FW_U5_V1.6.0, STM32Cube_FW_WB0_V1.0.0, STM32Cube_FW_WBA_V1.4.1, STM32Cube_FW_WB_V1.20.0, STM32Cube_FW_WL_V1.3.0, X-CUBE-ALGOBUILD_V1.4.0, X-CUBE-ALS_V1.0.2, X-CUBE-AZRTOS-F4_V1.1.0, X-CUBE-AZRTOS-F7_V1.1.0, X-CUBE-AZRTOS-G0_V1.1.0, X-CUBE-AZRTOS-G4_V2.0.0, X-CUBE-AZRTOS-H7RS_V1.0.0, X-CUBE-AZRTOS-H7_V3.2.0, X-CUBE-AZRTOS-L4_V2.0.0, X-CUBE-AZRTOS-L5_V2.0.0, X-CUBE-AZRTOS-WB_V2.0.0, X-CUBE-AZRTOS-WL_V2.0.0, X-CUBE-BLE1_V7.0.0, X-CUBE-BLE2_V3.3.0, X-CUBE-BLEMGR_V3.1.0, X-CUBE-EEPRMA1_V5.1.0, X-CUBE-FREERTOS_V1.2.0, X-CUBE-GNSS1_V6.0.0, X-CUBE-MEMS1_V11.0.0, X-CUBE-NFC4_V3.0.0, X-CUBE-NFC7_V1.0.1, X-CUBE-SFXS2LP1_V4.0.0, X-CUBE-SUBG2_V5.0.0, X-CUBE-TOF1_V3.4.2]
2024-09-29 17:07:04,696 [INFO] ApiDb:240 - Found 646 in-development CPN: [B-G473E-ZEST1S, B-WB1M-WPAN1, B-WL5M-SUBG1, NUCLEO-C031C6, NUCLEO-C071RB, NUCLEO-H503RB, NUCLEO-H533RE, NUCLEO-H563ZI, NUCLEO-H7S3L8, NUCLEO-U031R8, NUCLEO-U083RC, NUCLEO-U545RE-Q, NUCLEO-U5A5ZJ-Q, NUCLEO-WB05KZ, NUCLEO-WB07CC, NUCLEO-WB09KE, NUCLEO-WBA52CG, NUCLEO-WBA55CG, STEVAL-PROTEUS1, STEVAL-SMARTAG2, STEVAL-STWINBX1, STM320518-EVAL, STM32C0116-DK, STM32C011D6Y3TR, STM32C011D6Y6TR, STM32C011F4P3, STM32C011F4P6, STM32C011F4U3, STM32C011F4U6TR, STM32C011F6P3, STM32C011F6P6, STM32C011F6U3, STM32C011F6U6TR, STM32C011J4M3, STM32C011J4M6, STM32C011J6M3, STM32C011J6M6, STM32C0316-DK, STM32C031C4T3, STM32C031C4T6, STM32C031C4U3, STM32C031C4U6, STM32C031C6T3, STM32C031C6T6, STM32C031C6U3, STM32C031C6U6, STM32C031F4P3, STM32C031F4P6, STM32C031F6P3, STM32C031F6P6, STM32C031G4U3, STM32C031G4U6, STM32C031G6U3, STM32C031G6U6, STM32C031K4T3, STM32C031K4T6, STM32C031K4U3, STM32C031K4U6, STM32C031K6T3, STM32C031K6T6, STM32C031K6U3, STM32C031K6U6, STM32C071C8T6, STM32C071C8T6N, STM32C071C8U6, STM32C071C8U6N, STM32C071CBT6, STM32C071CBT6N, STM32C071CBU6, STM32C071CBU6N, STM32C071F8P6, STM32C071F8P6N, STM32C071FBP6, STM32C071FBP6N, STM32C071FBY6TR, STM32C071G8U6, STM32C071G8U6N, STM32C071GBU6, STM32C071GBU6N, STM32C071K8T6, STM32C071K8T6N, STM32C071K8U6, STM32C071K8U6N, STM32C071KBT6, STM32C071KBT6N, STM32C071KBU6, STM32C071KBU6N, STM32C071R8T6, STM32C071R8T6N, STM32C071RBI6N, STM32C071RBT6, STM32C071RBT6N, STM32G071K8TXN, STM32G071K8UXN, STM32G081GBU6N, STM32G081KBT6N, STM32G081KBUXN, STM32G0B1CCT6N, STM32G0B1KCT6, STM32G0B1NEY6TR, STM32G0B1RCT6N, STM32G0C1CCT6, STM32G0C1CCT6N, STM32G0C1CCU6N, STM32G0C1CET6N, STM32G0C1CEU6N, STM32G0C1KCT6, STM32G0C1NEY6TR, STM32G0C1RCI6N, STM32G0C1RCT6N, STM32G0C1REI6N, STM32G0C1RET6N, STM32G0C1VCI6, STM32G0C1VEI6, STM32G411C6T3, STM32G411C6T6, STM32G411C6U3, STM32G411C6U6, STM32G411C8T3, STM32G411C8T6, STM32G411C8U3, STM32G411C8U6, STM32G411CBT3, STM32G411CBT6, STM32G411CBU3, STM32G411CBU6, STM32G411K6T3, STM32G411K6T6, STM32G411K6U3, STM32G411K6U6, STM32G411K8T3, STM32G411K8T6, STM32G411K8U3, STM32G411K8U6, STM32G411KBT3, STM32G411KBT6, STM32G411KBU3, STM32G411KBU6, STM32G411M6T3, STM32G411M6T6, STM32G411M8T3, STM32G411M8T6, STM32G411MBT3, STM32G411MBT6, STM32G411R6T3, STM32G411R6T6, STM32G411R8T3, STM32G411R8T6, STM32G411RBT3, STM32G411RBT6, STM32G414CBT3, STM32G414CBT6, STM32G414CBU3, STM32G414CBU6, STM32G414CCT3, STM32G414CCT6, STM32G414CCU3, STM32G414CCU6, STM32G414MBT3, STM32G414MBT6, STM32G414MCT3, STM32G414MCT6, STM32G414RBT3, STM32G414RBT6, STM32G414RCT3, STM32G414RCT6, STM32G414VBT3, STM32G414VBT6, STM32G414VCT3, STM32G414VCT6, STM32G431CBT3Z, STM32G431RBT3Z, STM32G471CCT6, STM32G471CCU6, STM32G471CET3, STM32G471CET6, STM32G471CEU3, STM32G471CEU6, STM32G471MCT6, STM32G471MET3, STM32G471MET6, STM32G471MEY6TR, STM32G471QCT6, STM32G471QET3, STM32G471RCT6, STM32G471RET3, STM32G471RET6, STM32G471VCH6, STM32G471VCI6, STM32G471VCT6, STM32G471VEH3, STM32G471VEH6, STM32G471VEI3, STM32G471VEI6, STM32G471VET3, STM32G471VET6, STM32G473QET3Z, STM32G473RET3Z, STM32G474CCT6, STM32G491RET3Z, STM32H503CBT6, STM32H503CBU6, STM32H503EBY6TR, STM32H503KBU6, STM32H503RBT6, STM32H523CCT6, STM32H523CCU6, STM32H523CET6, STM32H523CEU6, STM32H523HEY6TR, STM32H523RCT6, STM32H523RET6, STM32H523VCI6, STM32H523VCT6, STM32H523VEI6, STM32H523VET6, STM32H523ZCJ6, STM32H523ZCT6, STM32H523ZEJ6, STM32H523ZET6, STM32H533CET6, STM32H533CEU6, STM32H533HEY6TR, STM32H533RET6, STM32H533VEI6, STM32H533VET6, STM32H533ZEJ6, STM32H533ZET6, STM32H562AGI6, STM32H562AII6, STM32H562IGK6, STM32H562IGT6, STM32H562IIK6, STM32H562IIT6, STM32H562RGT6, STM32H562RGV6, STM32H562RIT6, STM32H562RIV6, STM32H562VGT6, STM32H562VIT6, STM32H562ZGT6, STM32H562ZIT6, STM32H563AGI6, STM32H563AII3Q, STM32H563AII6, STM32H563IGK6, STM32H563IGT6, STM32H563IIK3Q, STM32H563IIK6, STM32H563IIT3Q, STM32H563IIT6, STM32H563MIY3QTR, STM32H563RGT6, STM32H563RGV6, STM32H563RIT6, STM32H563RIV6, STM32H563VGT6, STM32H563VIT3Q, STM32H563VIT6, STM32H563ZGT6, STM32H563ZIT3Q, STM32H563ZIT6, STM32H573AII3Q, STM32H573AII6, STM32H573I-DK, STM32H573IIK3Q, STM32H573IIK6, STM32H573IIT3Q, STM32H573IIT6, STM32H573MIY3QTR, STM32H573RIT6, STM32H573RIV6, STM32H573VIT3Q, STM32H573VIT6, STM32H573ZIT3Q, STM32H573ZIT6, STM32H7R3A8I6, STM32H7R3I8K6, STM32H7R3I8T6, STM32H7R3L8H6, STM32H7R3L8H6H, STM32H7R3R8V6, STM32H7R3V8H6, STM32H7R3V8T6, STM32H7R3V8Y6TR, STM32H7R3Z8J6, STM32H7R3Z8T6, STM32H7R7A8I6, STM32H7R7I8K6, STM32H7R7I8T6, STM32H7R7L8H6, STM32H7R7L8H6H, STM32H7R7Z8J6, STM32H7S3A8I6, STM32H7S3I8K6, STM32H7S3I8T6, STM32H7S3L8H6, STM32H7S3L8H6H, STM32H7S3R8V6, STM32H7S3V8H6, STM32H7S3V8T6, STM32H7S3V8Y6TR, STM32H7S3Z8J6, STM32H7S3Z8T6, STM32H7S78-DK, STM32H7S7A8I6, STM32H7S7I8K6, STM32H7S7I8T6, STM32H7S7L8H6, STM32H7S7L8H6H, STM32H7S7Z8J6, STM32L4R5QGI6STR, STM32MP131AAE3, STM32MP131AAF3, STM32MP131AAG3, STM32MP131CAE3, STM32MP131CAF3, STM32MP131CAG3, STM32MP131DAE7, STM32MP131DAF7, STM32MP131DAG7, STM32MP131FAE7, STM32MP131FAF7, STM32MP131FAG7, STM32MP133AAE3, STM32MP133AAF3, STM32MP133AAG3, STM32MP133CAE3, STM32MP133CAF3, STM32MP133CAG3, STM32MP133DAE7, STM32MP133DAF7, STM32MP133DAG7, STM32MP133FAE7, STM32MP133FAF7, STM32MP133FAG7, STM32MP135AAE3, STM32MP135AAF3, STM32MP135AAG3, STM32MP135CAE3, STM32MP135CAF3, STM32MP135CAG3, STM32MP135DAE7, STM32MP135DAF7, STM32MP135DAG7, STM32MP135F-DK, STM32MP135FAE7, STM32MP135FAF7, STM32MP135FAF7T, STM32MP135FAF7U, STM32MP135FAG7, STM32MP251AAI3, STM32MP251AAK3, STM32MP251AAL3, STM32MP251CAI3, STM32MP251CAK3, STM32MP251CAL3, STM32MP251DAI3, STM32MP251DAK3, STM32MP251DAL3, STM32MP251FAI3, STM32MP251FAK3, STM32MP251FAL3, STM32MP253AAI3, STM32MP253AAK3, STM32MP253AAL3, STM32MP253CAI3, STM32MP253CAK3, STM32MP253CAL3, STM32MP253DAI3, STM32MP253DAK3, STM32MP253DAL3, STM32MP253FAI3, STM32MP253FAK3, STM32MP253FAL3, STM32MP255AAI3, STM32MP255AAK3, STM32MP255AAL3, STM32MP255CAI3, STM32MP255CAK3, STM32MP255CAL3, STM32MP255DAI3, STM32MP255DAK3, STM32MP255DAL3, STM32MP255FAI3, STM32MP255FAK3, STM32MP255FAL3, STM32MP257AAI3, STM32MP257AAK3, STM32MP257AAL3, STM32MP257CAI3, STM32MP257CAK3, STM32MP257CAL3, STM32MP257DAI3, STM32MP257DAK3, STM32MP257DAL3, STM32MP257F-DK, STM32MP257F-EV1, STM32MP257FAI3, STM32MP257FAK3, STM32MP257FAL3, STM32U031C6T6, STM32U031C6U6, STM32U031C8T6, STM32U031C8U6, STM32U031F4P6, STM32U031F6P6, STM32U031F8P6, STM32U031G6Y6TR, STM32U031G8Y6TR, STM32U031K4U6, STM32U031K6U6, STM32U031K8U6, STM32U031R6I6, STM32U031R6T6, STM32U031R8I6, STM32U031R8T6, STM32U073C8T6, STM32U073C8U6, STM32U073CBT6, STM32U073CBU6, STM32U073CCT6, STM32U073CCU6, STM32U073H8Y6TR, STM32U073HBY6TR, STM32U073HCY6TR, STM32U073K8U6, STM32U073KBU6, STM32U073KCU6, STM32U073M8I6, STM32U073M8T6, STM32U073MBI6, STM32U073MBT6, STM32U073MCI6, STM32U073MCT6, STM32U073R8I6, STM32U073R8T6, STM32U073RBI6, STM32U073RBT6, STM32U073RCI6, STM32U073RCT6, STM32U083C-DK, STM32U083CCT6, STM32U083CCU6, STM32U083HCY6TR, STM32U083KCU6, STM32U083MCI6, STM32U083MCT6, STM32U083RCI6, STM32U083RCT6, STM32U535CBT6, STM32U535CBT6Q, STM32U535CBU6, STM32U535CBU6Q, STM32U535CCT6, STM32U535CCT6Q, STM32U535CCU6, STM32U535CCU6Q, STM32U535CET6, STM32U535CET6Q, STM32U535CEU6, STM32U535CEU6Q, STM32U535JEY6QTR, STM32U535NCY6QTR, STM32U535NEY6QTR, STM32U535RBI6, STM32U535RBI6Q, STM32U535RBT6, STM32U535RBT6Q, STM32U535RCI6, STM32U535RCI6Q, STM32U535RCT6, STM32U535RCT6Q, STM32U535REI6, STM32U535REI6Q, STM32U535RET6, STM32U535RET6Q, STM32U535VCI6, STM32U535VCI6Q, STM32U535VCT6, STM32U535VCT6Q, STM32U535VEI6, STM32U535VEI6Q, STM32U535VET6, STM32U535VET6Q, STM32U545CET6, STM32U545CET6Q, STM32U545CEU6, STM32U545CEU6Q, STM32U545JEY6QTR, STM32U545NEY6QTR, STM32U545REI6, STM32U545REI6Q, STM32U545RET6, STM32U545RET6Q, STM32U545VEI6, STM32U545VEI6Q, STM32U545VET6, STM32U545VET6Q, STM32U595AIH6, STM32U595AIH6Q, STM32U595AJH6, STM32U595AJH6Q, STM32U595QII6, STM32U595QII6Q, STM32U595QJI6, STM32U595QJI6Q, STM32U595RIT6, STM32U595RIT6Q, STM32U595RJT6, STM32U595RJT6Q, STM32U595VIT6, STM32U595VIT6Q, STM32U595VJT6, STM32U595VJT6Q, STM32U595ZIT6, STM32U595ZIT6Q, STM32U595ZIY6QTR, STM32U595ZJT6, STM32U595ZJT6Q, STM32U595ZJY6QTR, STM32U599BJY6QTR, STM32U599NIH6Q, STM32U599NJH6Q, STM32U599VIT6Q, STM32U599VJT6, STM32U599VJT6Q, STM32U599ZIT6Q, STM32U599ZIY6QTR, STM32U599ZJT6Q, STM32U599ZJY6QTR, STM32U5A5AJH6, STM32U5A5AJH6Q, STM32U5A5QII3Q , STM32U5A5QJI6, STM32U5A5QJI6Q, STM32U5A5RJT6, STM32U5A5RJT6Q, STM32U5A5VJT6, STM32U5A5VJT6Q, STM32U5A5ZJT6, STM32U5A5ZJT6Q, STM32U5A5ZJY6QTR, STM32U5A9BJY6QTR, STM32U5A9J-DK, STM32U5A9NJH6Q, STM32U5A9VJT6Q, STM32U5A9ZJT6Q, STM32U5A9ZJY6QTR, STM32U5F7VIT6, STM32U5F7VIT6Q, STM32U5F7VJT6, STM32U5F7VJT6Q, STM32U5F9BJY6QTR, STM32U5F9NJH6Q, STM32U5F9VIT6Q, STM32U5F9VJT6Q, STM32U5F9ZIJ6QTR, STM32U5F9ZIT6Q, STM32U5F9ZJJ6QTR, STM32U5F9ZJT6Q, STM32U5G7VJT6, STM32U5G7VJT6Q, STM32U5G9BJY6QTR, STM32U5G9J-DK1, STM32U5G9J-DK2, STM32U5G9NJH6Q, STM32U5G9VJT6Q, STM32U5G9ZJJ6QTR, STM32U5G9ZJT6Q, STM32WB05KZV6TR, STM32WB05KZV7TR, STM32WB05TZF6TR, STM32WB05TZF7TR, STM32WB06CCF6TR, STM32WB06CCF7TR, STM32WB06CCV6TR, STM32WB06CCV7TR, STM32WB06KCV6TR, STM32WB06KCV7TR, STM32WB07CCF6TR, STM32WB07CCF7TR, STM32WB07CCV6TR, STM32WB07CCV7TR, STM32WB07KCV6TR, STM32WB07KCV7TR, STM32WB09KEV6TR, STM32WB09KEV7TR, STM32WB09TEF6TR, STM32WB09TEF7TR, STM32WB1MMCH6, STM32WBA50KGU6, STM32WBA50KGU6TR, STM32WBA52CEU6, STM32WBA52CEU6TR, STM32WBA52CEU7, STM32WBA52CEU7TR, STM32WBA52CGU6, STM32WBA52CGU6TR, STM32WBA52CGU6U, STM32WBA52CGU7, STM32WBA52CGU7TR, STM32WBA52KEU6, STM32WBA52KEU6TR, STM32WBA52KGU6, STM32WBA52KGU6TR, STM32WBA54CEU6, STM32WBA54CEU6TR, STM32WBA54CEU7, STM32WBA54CEU7TR, STM32WBA54CGU6, STM32WBA54CGU6TR, STM32WBA54CGU7, STM32WBA54CGU7TR, STM32WBA54KEU6, STM32WBA54KEU6TR, STM32WBA54KEU7, STM32WBA54KEU7TR, STM32WBA54KGU6, STM32WBA54KGU6TR, STM32WBA54KGU7, STM32WBA54KGU7TR, STM32WBA55CEU6, STM32WBA55CEU6TR, STM32WBA55CEU7, STM32WBA55CEU7TR, STM32WBA55CGU6, STM32WBA55CGU6TR, STM32WBA55CGU6U, STM32WBA55CGU7, STM32WBA55CGU7TR, STM32WBA55G-DK1, STM32WBA55HEF6, STM32WBA55HEF7, STM32WBA55HGF6, STM32WBA55HGF7, STM32WBA55UEI6, STM32WBA55UEI6TR, STM32WBA55UEI7, STM32WBA55UEI7TR, STM32WBA55UGI6, STM32WBA55UGI6TR, STM32WBA55UGI7, STM32WBA55UGI7TR, STM32WL5MOCH6, STM32WL5MOCH6TR]
2024-09-29 17:07:04,700 [INFO] DbMcus:218 - Found 4252 MCUs, 4252 are supported
2024-09-29 17:07:04,701 [INFO] ApiDb:423 - Load user favorites file C:\Users\hyn02/.stm32cubeide/favorites.mcus.txt: 0 item(s)
2024-09-29 17:07:04,702 [INFO] ApiDb:427 - User favorites MCUs=[]
2024-09-29 17:07:04,702 [INFO] DbMcus:224 - Set 0 / 0 favorites MCUs
2024-09-29 17:07:05,063 [INFO] ApiDb:414 - User favorites file not found: C:\Users\hyn02/.stm32cubeide/favorites.boards.txt
2024-09-29 17:07:05,063 [INFO] DbBoards:198 - Set 0 / 0 favorites Boards
2024-09-29 17:07:05,128 [INFO] UtilMem:75 - End LoadConfig() Used Memory: 762121896 Bytes (1073741824)
2024-09-29 17:07:05,292 [WARN] ThirdParty:833 - waiting for thirdparty lock release [change project]
2024-09-29 17:07:05,292 [INFO] ThirdParty:835 - entering critical section [change project]
2024-09-29 17:07:05,292 [INFO] ThirdParty:1030 - CMSIS Pack Vendor :STMicroelectronics USBPD 4.1
2024-09-29 17:07:05,292 [INFO] ThirdParty:1030 - CMSIS Pack Vendor :STMicroelectronics X-CUBE-AZRTOS-H7 3.3.0
2024-09-29 17:07:05,292 [INFO] ThirdParty:1030 - CMSIS Pack Vendor :STMicroelectronics X-CUBE-NFC9 1.0.0
2024-09-29 17:07:05,292 [INFO] ThirdParty:1030 - CMSIS Pack Vendor :STMicroelectronics USB_HOST 2.0.0
2024-09-29 17:07:05,292 [INFO] ThirdParty:1030 - CMSIS Pack Vendor :STMicroelectronics FP-SNS-MOTENVWB1 1.4.0
2024-09-29 17:07:05,292 [INFO] ThirdParty:1030 - CMSIS Pack Vendor :STMicroelectronics X-CUBE-AZRTOS-F4 1.1.0
2024-09-29 17:07:05,292 [INFO] ThirdParty:1030 - CMSIS Pack Vendor :STMicroelectronics LIBJPEG 8.0.0
2024-09-29 17:07:05,292 [INFO] ThirdParty:1030 - CMSIS Pack Vendor :STMicroelectronics X-CUBE-SMBUS 2.1.0
2024-09-29 17:07:05,292 [INFO] ThirdParty:1030 - CMSIS Pack Vendor :STMicroelectronics USB_DEVICE 3.0.0
2024-09-29 17:07:05,292 [INFO] ThirdParty:1030 - CMSIS Pack Vendor :STMicroelectronics X-CUBE-TCPP 4.1.0
2024-09-29 17:07:05,292 [INFO] ThirdParty:1030 - CMSIS Pack Vendor :STMicroelectronics X-CUBE-ISPU 2.1.0
2024-09-29 17:07:05,292 [INFO] ThirdParty:1030 - CMSIS Pack Vendor :STMicroelectronics X-CUBE-FREERTOS 1.2.0
2024-09-29 17:07:05,292 [INFO] ThirdParty:1030 - CMSIS Pack Vendor :STMicroelectronics X-CUBE-AZRTOS-WB 2.0.0
2024-09-29 17:07:05,292 [INFO] ThirdParty:1030 - CMSIS Pack Vendor :STMicroelectronics X-CUBE-GNSS1 7.0.0
2024-09-29 17:07:05,292 [INFO] ThirdParty:1030 - CMSIS Pack Vendor :STMicroelectronics X-CUBE-AZRTOS-F7 1.1.0
2024-09-29 17:07:05,292 [INFO] ThirdParty:1030 - CMSIS Pack Vendor :STMicroelectronics X-CUBE-AZRTOS-L5 2.0.0
2024-09-29 17:07:05,292 [INFO] ThirdParty:1030 - CMSIS Pack Vendor :STMicroelectronics USB_DEVICE 2.0.0
2024-09-29 17:07:05,292 [INFO] ThirdParty:1030 - CMSIS Pack Vendor :STMicroelectronics X-CUBE-NFC6 3.1.0
2024-09-29 17:07:05,292 [INFO] ThirdParty:1030 - CMSIS Pack Vendor :STMicroelectronics FP-SNS-STBOX1 2.0.0
2024-09-29 17:07:05,293 [INFO] ThirdParty:1030 - CMSIS Pack Vendor :STMicroelectronics X-CUBE-MEMS1 11.0.0
2024-09-29 17:07:05,293 [INFO] ThirdParty:1030 - CMSIS Pack Vendor :STMicroelectronics FreeRTOS 0.0.1
2024-09-29 17:07:05,293 [INFO] ThirdParty:1030 - CMSIS Pack Vendor :STMicroelectronics X-CUBE-AZRTOS-G0 1.1.0
2024-09-29 17:07:05,293 [INFO] ThirdParty:1030 - CMSIS Pack Vendor :STMicroelectronics X-CUBE-SAFEA1 1.2.2
2024-09-29 17:07:05,293 [INFO] ThirdParty:1030 - CMSIS Pack Vendor :STMicroelectronics X-CUBE-NFC4 3.0.0
2024-09-29 17:07:05,293 [INFO] ThirdParty:1030 - CMSIS Pack Vendor :STMicroelectronics X-CUBE-DPower 1.2.0
2024-09-29 17:07:05,293 [INFO] ThirdParty:1030 - CMSIS Pack Vendor :STMicroelectronics X-CUBE-SUBG2 5.0.0
2024-09-29 17:07:05,293 [INFO] ThirdParty:1030 - CMSIS Pack Vendor :STMicroelectronics STM32_WPAN 1.0.0
2024-09-29 17:07:05,293 [INFO] ThirdParty:1030 - CMSIS Pack Vendor :EmbeddedOffice I-CUBE-FS-RTOS 1.0.1
2024-09-29 17:07:05,293 [INFO] ThirdParty:1030 - CMSIS Pack Vendor :STMicroelectronics lwIP 2.0.3
2024-09-29 17:07:05,293 [INFO] ThirdParty:1030 - CMSIS Pack Vendor :STMicroelectronics FP-SNS-FLIGHT1 5.0.2
2024-09-29 17:07:05,293 [INFO] ThirdParty:1030 - CMSIS Pack Vendor :Cesanta I-CUBE-Mongoose 7.13.0
2024-09-29 17:07:05,293 [INFO] ThirdParty:1030 - CMSIS Pack Vendor :STMicroelectronics USB_HOST 1.0.0
2024-09-29 17:07:05,293 [INFO] ThirdParty:1030 - CMSIS Pack Vendor :STMicroelectronics X-CUBE-AI 9.0.0
2024-09-29 17:07:05,293 [INFO] ThirdParty:1030 - CMSIS Pack Vendor :STMicroelectronics X-CUBE-AZRTOS-G4 2.0.0
2024-09-29 17:07:05,293 [INFO] ThirdParty:1030 - CMSIS Pack Vendor :STMicroelectronics PDM2PCM 3.1.0
2024-09-29 17:07:05,293 [INFO] ThirdParty:1030 - CMSIS Pack Vendor :STMicroelectronics PDM2PCM 3.3.0
2024-09-29 17:07:05,293 [INFO] ThirdParty:1030 - CMSIS Pack Vendor :STMicroelectronics X-CUBE-DISPLAY 3.0.0
2024-09-29 17:07:05,293 [INFO] ThirdParty:1030 - CMSIS Pack Vendor :RealThread X-CUBE-RT-Thread_Nano 4.1.1
2024-09-29 17:07:05,293 [INFO] ThirdParty:1030 - CMSIS Pack Vendor :STMicroelectronics X-CUBE-BLE1 7.0.0
2024-09-29 17:07:05,293 [INFO] ThirdParty:1030 - CMSIS Pack Vendor :STMicroelectronics FP-ATR-SIGFOX1 3.2.0
2024-09-29 17:07:05,293 [INFO] ThirdParty:1030 - CMSIS Pack Vendor :STMicroelectronics X-CUBE-NFC10 1.0.0
2024-09-29 17:07:05,293 [INFO] ThirdParty:1030 - CMSIS Pack Vendor :wolfSSL I-CUBE-wolfSSL 5.7.2
2024-09-29 17:07:05,293 [INFO] ThirdParty:1030 - CMSIS Pack Vendor :STMicroelectronics X-CUBE-ISPU 2.0.0
2024-09-29 17:07:05,293 [INFO] ThirdParty:1030 - CMSIS Pack Vendor :STMicroelectronics X-CUBE-EEPRMA1 5.1.0
2024-09-29 17:07:05,293 [INFO] ThirdParty:1030 - CMSIS Pack Vendor :STMicroelectronics HAL Drivers 0.0.0
2024-09-29 17:07:05,293 [INFO] ThirdParty:1030 - CMSIS Pack Vendor :STMicroelectronics MBEDTLS 2.16.2
2024-09-29 17:07:05,293 [INFO] ThirdParty:1030 - CMSIS Pack Vendor :STMicroelectronics X-CUBE-ALS 1.0.2
2024-09-29 17:07:05,293 [INFO] ThirdParty:1030 - CMSIS Pack Vendor :emotas I-CUBE-CANOPEN 1.3.0
2024-09-29 17:07:05,293 [INFO] ThirdParty:1030 - CMSIS Pack Vendor :STMicroelectronics X-CUBE-NFC7 1.0.1
2024-09-29 17:07:05,293 [INFO] ThirdParty:1030 - CMSIS Pack Vendor :STMicroelectronics MBEDTLS 2.14.1
2024-09-29 17:07:05,293 [INFO] ThirdParty:1030 - CMSIS Pack Vendor :STMicroelectronics X-CUBE-TOUCHGFX 4.24.0
2024-09-29 17:07:05,293 [INFO] ThirdParty:1030 - CMSIS Pack Vendor :ITTIA_DB I-CUBE-ITTIADB 8.9.0
2024-09-29 17:07:05,293 [INFO] ThirdParty:1030 - CMSIS Pack Vendor :STMicroelectronics X-CUBE-TOUCHGFX 4.24.1
2024-09-29 17:07:05,293 [INFO] ThirdParty:1030 - CMSIS Pack Vendor :wolfSSL I-CUBE-wolfTPM 3.4.0
2024-09-29 17:07:05,293 [INFO] ThirdParty:1030 - CMSIS Pack Vendor :portGmbH I-Cube-SoM-uGOAL 1.1.0
2024-09-29 17:07:05,293 [INFO] ThirdParty:1030 - CMSIS Pack Vendor :STMicroelectronics X-CUBE-BLEMGR 3.1.0
2024-09-29 17:07:05,293 [INFO] ThirdParty:1030 - CMSIS Pack Vendor :STMicroelectronics ThreadX 1.0.0
2024-09-29 17:07:05,293 [INFO] ThirdParty:1030 - CMSIS Pack Vendor :STMicroelectronics FP-SNS-SMARTAG2 1.2.0
2024-09-29 17:07:05,293 [INFO] ThirdParty:1030 - CMSIS Pack Vendor :STMicroelectronics X-CUBE-AZRTOS-WL 2.0.0
2024-09-29 17:07:05,293 [INFO] ThirdParty:1030 - CMSIS Pack Vendor :SEGGER I-CUBE-embOS 1.3.1
2024-09-29 17:07:05,293 [INFO] ThirdParty:1030 - CMSIS Pack Vendor :STMicroelectronics X-CUBE-ALGOBUILD 1.4.0
2024-09-29 17:07:05,293 [INFO] ThirdParty:1030 - CMSIS Pack Vendor :STMicroelectronics FP-SNS-MOTENV1 5.0.0
2024-09-29 17:07:05,293 [INFO] ThirdParty:1030 - CMSIS Pack Vendor :STMicroelectronics USB_DEVICE 1.0.0
2024-09-29 17:07:05,293 [INFO] ThirdParty:1030 - CMSIS Pack Vendor :STMicroelectronics X-CUBE-AZRTOS-H7RS 1.0.0
2024-09-29 17:07:05,293 [INFO] ThirdParty:1030 - CMSIS Pack Vendor :wolfSSL I-CUBE-wolfMQTT 1.19.0
2024-09-29 17:07:05,293 [INFO] ThirdParty:1030 - CMSIS Pack Vendor :STMicroelectronics X-CUBE-AZRTOS-L4 2.0.0
2024-09-29 17:07:05,293 [INFO] ThirdParty:1030 - CMSIS Pack Vendor :STMicroelectronics ThreadX 0.0.2
2024-09-29 17:07:05,293 [INFO] ThirdParty:1030 - CMSIS Pack Vendor :WES I-CUBE-Cesium 1.3.0
2024-09-29 17:07:05,293 [INFO] ThirdParty:1030 - CMSIS Pack Vendor :STMicroelectronics FP-ATR-ASTRA1 2.0.0
2024-09-29 17:07:05,293 [INFO] ThirdParty:1030 - CMSIS Pack Vendor :STMicroelectronics lwIP 2.1.2
2024-09-29 17:07:05,295 [INFO] ThirdParty:1030 - CMSIS Pack Vendor :STMicroelectronics X-CUBE-SFXS2LP1 4.0.0
2024-09-29 17:07:05,295 [INFO] ThirdParty:1030 - CMSIS Pack Vendor :STMicroelectronics X-CUBE-BLE2 3.3.0
2024-09-29 17:07:05,295 [INFO] ThirdParty:1030 - CMSIS Pack Vendor :STMicroelectronics X-CUBE-TOF1 3.4.2
2024-09-29 17:07:05,295 [INFO] ThirdParty:1030 - CMSIS Pack Vendor :Infineon AIROC-Wi-Fi-Bluetooth-STM32 1.6.1
2024-09-29 17:07:05,295 [INFO] ThirdParty:1030 - CMSIS Pack Vendor :STMicroelectronics PDM2PCM 3.2.0
2024-09-29 17:07:05,295 [INFO] ThirdParty:1030 - CMSIS Pack Vendor :wolfSSL I-CUBE-wolfSSH 1.4.17
2024-09-29 17:07:05,295 [INFO] ThirdParty:841 - exiting critical section [change project]
2024-09-29 17:07:05,879 [INFO] PinOutPanel:1561 - setPackage(No Configuration,No Configuration)
2024-09-29 17:07:05,885 [INFO] PinOutPanel:1561 - setPackage(STM32F407VETx,LQFP100)
2024-09-29 17:07:06,511 [INFO] UtilMem:75 - Before build in PCC Used Memory: 693081992 Bytes (1073741824)
2024-09-29 17:07:07,588 [INFO] UtilMem:75 - After build in PCC Used Memory: 691360808 Bytes (1073741824)
2024-09-29 17:07:07,650 [INFO] IPUIPlugin:80 - create IPUIPlugin
2024-09-29 17:07:07,650 [INFO] IPUIPlugin:80 - create IPUIPlugin
2024-09-29 17:07:07,650 [INFO] IPUIPlugin:80 - create IPUIPlugin
2024-09-29 17:07:07,650 [INFO] IPUIPlugin:80 - create IPUIPlugin
2024-09-29 17:07:07,650 [INFO] IPUIPlugin:80 - create IPUIPlugin
2024-09-29 17:07:07,650 [INFO] IPUIPlugin:80 - create IPUIPlugin
2024-09-29 17:07:07,651 [INFO] IPUIPlugin:80 - create IPUIPlugin
2024-09-29 17:07:07,651 [INFO] IPUIPlugin:80 - create IPUIPlugin
2024-09-29 17:07:07,652 [INFO] IPUIPlugin:80 - create IPUIPlugin
2024-09-29 17:07:07,652 [INFO] IPUIPlugin:80 - create IPUIPlugin
2024-09-29 17:07:07,652 [INFO] IPUIPlugin:80 - create IPUIPlugin
2024-09-29 17:07:07,653 [INFO] IPUIPlugin:80 - create IPUIPlugin
2024-09-29 17:07:07,653 [INFO] IPUIPlugin:80 - create IPUIPlugin
2024-09-29 17:07:07,653 [INFO] IPUIPlugin:80 - create IPUIPlugin
2024-09-29 17:07:07,653 [INFO] IPUIPlugin:80 - create IPUIPlugin
2024-09-29 17:07:07,653 [INFO] IPUIPlugin:80 - create IPUIPlugin
2024-09-29 17:07:07,653 [INFO] IPUIPlugin:80 - create IPUIPlugin
2024-09-29 17:07:07,653 [INFO] IPUIPlugin:80 - create IPUIPlugin
2024-09-29 17:07:07,653 [INFO] IPUIPlugin:80 - create IPUIPlugin
2024-09-29 17:07:07,655 [INFO] IPUIPlugin:80 - create IPUIPlugin
2024-09-29 17:07:07,656 [INFO] IPUIPlugin:80 - create IPUIPlugin
2024-09-29 17:07:07,657 [INFO] IPUIPlugin:80 - create IPUIPlugin
2024-09-29 17:07:07,657 [INFO] IPUIPlugin:80 - create IPUIPlugin
2024-09-29 17:07:07,657 [INFO] IPUIPlugin:80 - create IPUIPlugin
2024-09-29 17:07:07,657 [INFO] IPUIPlugin:80 - create IPUIPlugin
2024-09-29 17:07:07,658 [INFO] IPUIPlugin:80 - create IPUIPlugin
2024-09-29 17:07:07,658 [INFO] IPUIPlugin:80 - create IPUIPlugin
2024-09-29 17:07:07,658 [INFO] IPUIPlugin:80 - create IPUIPlugin
2024-09-29 17:07:07,659 [INFO] IPUIPlugin:80 - create IPUIPlugin
2024-09-29 17:07:07,659 [INFO] IPUIPlugin:80 - create IPUIPlugin
2024-09-29 17:07:07,659 [INFO] IPUIPlugin:80 - create IPUIPlugin
2024-09-29 17:07:07,660 [INFO] IPUIPlugin:80 - create IPUIPlugin
2024-09-29 17:07:07,660 [INFO] IPUIPlugin:80 - create IPUIPlugin
2024-09-29 17:07:07,660 [INFO] IPUIPlugin:80 - create IPUIPlugin
2024-09-29 17:07:07,661 [INFO] IPUIPlugin:80 - create IPUIPlugin
2024-09-29 17:07:07,662 [INFO] IPUIPlugin:80 - create IPUIPlugin
2024-09-29 17:07:07,662 [INFO] IPUIPlugin:80 - create IPUIPlugin
2024-09-29 17:07:07,662 [INFO] IPUIPlugin:80 - create IPUIPlugin
2024-09-29 17:07:07,665 [INFO] IPUIPlugin:80 - create IPUIPlugin
2024-09-29 17:07:07,666 [INFO] IPUIPlugin:80 - create IPUIPlugin
2024-09-29 17:07:07,666 [INFO] IPUIPlugin:80 - create IPUIPlugin
2024-09-29 17:07:07,667 [INFO] IPUIPlugin:80 - create IPUIPlugin
2024-09-29 17:07:07,667 [INFO] IPUIPlugin:80 - create IPUIPlugin
2024-09-29 17:07:07,668 [INFO] IPUIPlugin:80 - create IPUIPlugin
2024-09-29 17:07:07,668 [INFO] IPUIPlugin:80 - create IPUIPlugin
2024-09-29 17:07:07,668 [INFO] IPUIPlugin:80 - create IPUIPlugin
2024-09-29 17:07:07,669 [INFO] IPUIPlugin:80 - create IPUIPlugin
2024-09-29 17:07:07,669 [INFO] IPUIPlugin:80 - create IPUIPlugin
2024-09-29 17:07:07,669 [INFO] IPUIPlugin:80 - create IPUIPlugin
2024-09-29 17:07:07,670 [INFO] IPUIPlugin:80 - create IPUIPlugin
2024-09-29 17:07:07,670 [INFO] IPUIPlugin:80 - create IPUIPlugin
2024-09-29 17:07:07,671 [INFO] IPUIPlugin:80 - create IPUIPlugin
2024-09-29 17:07:07,671 [INFO] IPUIPlugin:80 - create IPUIPlugin
2024-09-29 17:07:07,672 [INFO] IPUIPlugin:80 - create IPUIPlugin
2024-09-29 17:07:07,672 [INFO] IPUIPlugin:80 - create IPUIPlugin
2024-09-29 17:07:07,673 [INFO] IPUIPlugin:80 - create IPUIPlugin
2024-09-29 17:07:07,674 [INFO] IPUIPlugin:80 - create IPUIPlugin
2024-09-29 17:07:07,674 [INFO] IPUIPlugin:80 - create IPUIPlugin
2024-09-29 17:07:07,783 [INFO] ApiDbMcu:508 - Load IP Config File for PDM2PCM
2024-09-29 17:07:08,087 [INFO] CADModel:165 - CPN selected for project levelSTM32F407VET6
2024-09-29 17:07:08,087 [INFO] CADModel:114 - Register for checkConnection events
2024-09-29 17:07:08,148 [INFO] OpenFileManager:363 - Restore cursor
2024-09-29 17:07:27,260 [INFO] UtilMem:75 - End SaveConfig() Used Memory: 669075232 Bytes (1073741824)
2024-09-29 17:07:27,800 [INFO] BlockDiagram:2766 - set Specific Code input for plugin: TIM6_7
2024-09-29 17:07:27,800 [INFO] BlockDiagram:2766 - set Specific Code input for plugin: TIM1_8
2024-09-29 17:07:27,800 [INFO] BlockDiagram:2766 - set Specific Code input for plugin: SYS
2024-09-29 17:07:27,801 [INFO] BlockDiagram:2766 - set Specific Code input for plugin: RCC
2024-09-29 17:07:27,801 [INFO] BlockDiagram:2766 - set Specific Code input for plugin: NVIC
2024-09-29 17:07:27,801 [INFO] BlockDiagram:2766 - set Specific Code input for plugin: USART
2024-09-29 17:07:27,801 [INFO] BlockDiagram:2766 - set Specific Code input for plugin: GPIO
2024-09-29 17:07:27,803 [INFO] CodeGenerator:807 - code generatio: config db path: C:\ST\STM32CubeIDE_1.16.0\STM32CubeIDE\plugins\com.st.stm32cube.common.mx_6.12.0.202406281431\\db\
2024-09-29 17:07:28,050 [INFO] CodeEngine:255 - oldGeneratedFile, C:\Project\digital_clock\digital_clock\MXTmpFiles\license.tmp_save
2024-09-29 17:07:28,475 [INFO] CodeEngine:279 - Generated code: C:\Project\digital_clock\digital_clock\MXTmpFiles\license.tmp
2024-09-29 17:07:28,653 [INFO] CodeEngine:255 - oldGeneratedFile, C:\Project\digital_clock\digital_clock\Core\Src\gpio.c_save
2024-09-29 17:07:28,844 [INFO] CodeEngine:279 - Generated code: C:\Project\digital_clock\digital_clock\Core\Src\gpio.c
2024-09-29 17:07:28,873 [INFO] CodeEngine:255 - oldGeneratedFile, C:\Project\digital_clock\digital_clock\Core\Inc\gpio.h_save
2024-09-29 17:07:28,992 [INFO] CodeEngine:279 - Generated code: C:\Project\digital_clock\digital_clock\Core\Inc\gpio.h
2024-09-29 17:07:29,425 [INFO] CodeEngine:255 - oldGeneratedFile, C:\Project\digital_clock\digital_clock\Core\Src\tim.c_save
2024-09-29 17:07:29,732 [INFO] CodeEngine:279 - Generated code: C:\Project\digital_clock\digital_clock\Core\Src\tim.c
2024-09-29 17:07:29,765 [INFO] CodeEngine:255 - oldGeneratedFile, C:\Project\digital_clock\digital_clock\Core\Inc\tim.h_save
2024-09-29 17:07:29,923 [INFO] CodeEngine:279 - Generated code: C:\Project\digital_clock\digital_clock\Core\Inc\tim.h
2024-09-29 17:07:29,948 [INFO] CodeEngine:255 - oldGeneratedFile, C:\Project\digital_clock\digital_clock\Core\Src\usart.c_save
2024-09-29 17:07:30,089 [INFO] CodeEngine:279 - Generated code: C:\Project\digital_clock\digital_clock\Core\Src\usart.c
2024-09-29 17:07:30,100 [INFO] CodeEngine:255 - oldGeneratedFile, C:\Project\digital_clock\digital_clock\Core\Inc\usart.h_save
2024-09-29 17:07:30,218 [INFO] CodeEngine:279 - Generated code: C:\Project\digital_clock\digital_clock\Core\Inc\usart.h
2024-09-29 17:07:30,276 [INFO] CodeEngine:255 - oldGeneratedFile, C:\Project\digital_clock\digital_clock\Core\Src\stm32f4xx_it.c_save
2024-09-29 17:07:30,413 [INFO] CodeEngine:279 - Generated code: C:\Project\digital_clock\digital_clock\Core\Src\stm32f4xx_it.c
2024-09-29 17:07:30,458 [INFO] CodeEngine:255 - oldGeneratedFile, C:\Project\digital_clock\digital_clock\Core\Inc\stm32f4xx_it.h_save
2024-09-29 17:07:30,557 [INFO] CodeEngine:279 - Generated code: C:\Project\digital_clock\digital_clock\Core\Inc\stm32f4xx_it.h
2024-09-29 17:07:30,601 [INFO] CodeEngine:255 - oldGeneratedFile, C:\Project\digital_clock\digital_clock\Core\Src\stm32f4xx_hal_msp.c_save
2024-09-29 17:07:30,736 [INFO] CodeEngine:279 - Generated code: C:\Project\digital_clock\digital_clock\Core\Src\stm32f4xx_hal_msp.c
2024-09-29 17:07:30,754 [INFO] CodeEngine:255 - oldGeneratedFile, C:\Project\digital_clock\digital_clock\MXTmpFiles\system.tmp_save
2024-09-29 17:07:30,845 [INFO] CodeEngine:279 - Generated code: C:\Project\digital_clock\digital_clock\MXTmpFiles\system.tmp
2024-09-29 17:07:30,899 [INFO] CodeEngine:311 - oldGeneratedFile, C:\Project\digital_clock\digital_clock\Core\Inc\stm32f4xx_hal_conf.h_save
2024-09-29 17:07:31,045 [INFO] CodeEngine:335 - Generated code: C:\Project\digital_clock\digital_clock\Core\Inc\stm32f4xx_hal_conf.h
2024-09-29 17:07:31,155 [INFO] CodeEngine:255 - oldGeneratedFile, C:\Project\digital_clock\digital_clock\Core\Inc\main.h_save
2024-09-29 17:07:31,383 [INFO] CodeEngine:279 - Generated code: C:\Project\digital_clock\digital_clock\Core\Inc\main.h
2024-09-29 17:07:31,444 [INFO] CodeEngine:255 - oldGeneratedFile, C:\Project\digital_clock\digital_clock\Core\Src\main.c_save
2024-09-29 17:07:31,721 [INFO] CodeEngine:279 - Generated code: C:\Project\digital_clock\digital_clock\Core\Src\main.c
2024-09-29 17:07:32,380 [INFO] ProjectBuilder:3249 - Time for Copy HAL[1] : 311mS.
2024-09-29 17:07:32,390 [INFO] ProjectBuilder:4828 - Project Generator version: 4.4.0-B60
2024-09-29 17:07:32,567 [INFO] ConfigFileManager:1531 - The Die is : DIE413
2024-09-29 17:07:32,591 [INFO] ApiDbMcu:508 - Load IP Config File for FATFS
2024-09-29 17:07:32,613 [INFO] ApiDbMcu:508 - Load IP Config File for FREERTOS
2024-09-29 17:07:32,623 [INFO] ApiDbMcu:508 - Load IP Config File for LIBJPEG
2024-09-29 17:07:32,652 [INFO] ApiDbMcu:508 - Load IP Config File for LWIP
2024-09-29 17:07:32,683 [INFO] ApiDbMcu:508 - Load IP Config File for MBEDTLS
2024-09-29 17:07:32,716 [INFO] ApiDbMcu:508 - Load IP Config File for USB_DEVICE
2024-09-29 17:07:32,737 [INFO] ApiDbMcu:508 - Load IP Config File for USB_HOST
2024-09-29 17:07:33,767 [INFO] LogOutputStream:77 - [STDOUT_REDIRECT] 
2024-09-29 17:07:35,928 [INFO] ProjectBuilder:5097 - Time for Generating toolchain IDE Files: 3538mS.
2024-09-29 17:07:35,930 [INFO] ProjectBuilder:3107 - Time for Copy CMSIS : 0mS.
2024-09-29 17:07:35,932 [INFO] ProjectBuilder:3107 - Time for Copy CMSIS : 0mS.
2024-09-29 17:35:16,731 [ERROR] LogOutputStream:75 - [STDERR_REDIRECT] 
2024-09-29 21:51:44,968 [INFO] Activator:176 - 


2024-09-29 21:51:44,969 [INFO] Activator:177 - !SESSION log4j initialized
2024-09-29 21:51:52,527 [INFO] LogOutputStream:77 - [STDOUT_REDIRECT] 
2024-09-29 21:51:55,792 [INFO] ApplicationProperties:184 - Using Application install path: C:\ST\STM32CubeIDE_1.16.0\STM32CubeIDE\plugins\com.st.stm32cube.common.mx_6.12.0.202406281431
2024-09-29 21:51:55,814 [INFO] DbMcusXml:78 - Set database path to: C:\ST\STM32CubeIDE_1.16.0\STM32CubeIDE\plugins\com.st.stm32cube.common.mx_6.12.0.202406281431\\db\/mcu/
2024-09-29 21:51:55,814 [INFO] ApiDb:274 - Set plugin database path to: C:\ST\STM32CubeIDE_1.16.0\STM32CubeIDE\plugins\com.st.stm32cube.common.mx_6.12.0.202406281431\\db\/plugins/boardmanager/
2024-09-29 21:51:55,814 [WARN] ApiDb:259 - Overriding images path with different value:  => C:\ST\STM32CubeIDE_1.16.0\STM32CubeIDE\plugins\com.st.stm32cube.common.mx_6.12.0.202406281431\\db\/plugins/mcufinder/images/
2024-09-29 21:51:55,824 [INFO] ApiDb:250 - Set database path to: C:\Users\hyn02\.stmcufinder\plugins\mcufinder//mcu/
2024-09-29 21:51:55,825 [INFO] DbMcusAds:125 - Set database path to: C:\Users\hyn02\.stmcufinder\plugins\mcufinder//mcu/
2024-09-29 21:51:55,828 [INFO] CrossReferenceDbSqlite:203 - Set database path to: C:\Users\hyn02\.stmcufinder\plugins\mcufinder//mcu/cs/
2024-09-29 21:51:55,986 [INFO] RulesReader:64 - Compatibility file has been processed (297 Rules)
2024-09-29 21:51:56,100 [INFO] DbMcusXml:78 - Set database path to: C:\ST\STM32CubeIDE_1.16.0\STM32CubeIDE\plugins\com.st.stm32cube.common.mx_6.12.0.202406281431\\db\/mcu/
2024-09-29 21:51:56,100 [INFO] ApiDb:274 - Set plugin database path to: C:\ST\STM32CubeIDE_1.16.0\STM32CubeIDE\plugins\com.st.stm32cube.common.mx_6.12.0.202406281431\\db\/plugins/boardmanager/
2024-09-29 21:51:56,100 [INFO] ApiDb:261 - Set plugin images path to: C:\ST\STM32CubeIDE_1.16.0\STM32CubeIDE\plugins\com.st.stm32cube.common.mx_6.12.0.202406281431\\db\/plugins/mcufinder/images/
2024-09-29 21:51:56,100 [WARN] DbFile:41 - Overriding database path with different value: C:\Users\hyn02\.stmcufinder\plugins\mcufinder/ => C:\Users\hyn02\.stmcufinder\plugins\mcufinder
2024-09-29 21:51:56,100 [INFO] ApiDb:250 - Set database path to: C:\Users\hyn02\.stmcufinder\plugins\mcufinder//mcu/
2024-09-29 21:51:56,100 [WARN] DbFile:41 - Overriding database path with different value: C:\Users\hyn02\.stmcufinder\plugins\mcufinder/ => C:\Users\hyn02\.stmcufinder\plugins\mcufinder
2024-09-29 21:51:56,100 [INFO] DbMcusAds:125 - Set database path to: C:\Users\hyn02\.stmcufinder\plugins\mcufinder//mcu/
2024-09-29 21:51:56,101 [WARN] DbFile:41 - Overriding database path with different value: C:\Users\hyn02\.stmcufinder\plugins\mcufinder/ => C:\Users\hyn02\.stmcufinder\plugins\mcufinder
2024-09-29 21:51:56,101 [WARN] DbFile:41 - Overriding database path with different value: C:\Users\hyn02\.stmcufinder\plugins\mcufinder/ => C:\Users\hyn02\.stmcufinder\plugins\mcufinder
2024-09-29 21:51:56,101 [INFO] CrossReferenceDbSqlite:203 - Set database path to: C:\Users\hyn02\.stmcufinder\plugins\mcufinder//mcu/cs/
2024-09-29 21:51:56,213 [INFO] MainPanel:268 - HeapMemory: 268435456
2024-09-29 21:51:56,373 [INFO] DbMcusXml:78 - Set database path to: C:\ST\STM32CubeIDE_1.16.0\STM32CubeIDE\plugins\com.st.stm32cube.common.mx_6.12.0.202406281431\\db\/mcu/
2024-09-29 21:51:56,374 [INFO] ApiDb:274 - Set plugin database path to: C:\ST\STM32CubeIDE_1.16.0\STM32CubeIDE\plugins\com.st.stm32cube.common.mx_6.12.0.202406281431\\db\/plugins/boardmanager/
2024-09-29 21:51:56,374 [INFO] ApiDb:261 - Set plugin images path to: C:\ST\STM32CubeIDE_1.16.0\STM32CubeIDE\plugins\com.st.stm32cube.common.mx_6.12.0.202406281431\\db\/plugins/mcufinder/images/
2024-09-29 21:51:56,375 [WARN] DbFile:41 - Overriding database path with different value: C:\Users\hyn02\.stmcufinder\plugins\mcufinder/ => C:\Users\hyn02\.stmcufinder\plugins\mcufinder
2024-09-29 21:51:56,375 [INFO] ApiDb:250 - Set database path to: C:\Users\hyn02\.stmcufinder\plugins\mcufinder//mcu/
2024-09-29 21:51:56,375 [WARN] DbFile:41 - Overriding database path with different value: C:\Users\hyn02\.stmcufinder\plugins\mcufinder/ => C:\Users\hyn02\.stmcufinder\plugins\mcufinder
2024-09-29 21:51:56,375 [INFO] DbMcusAds:125 - Set database path to: C:\Users\hyn02\.stmcufinder\plugins\mcufinder//mcu/
2024-09-29 21:51:56,375 [WARN] DbFile:41 - Overriding database path with different value: C:\Users\hyn02\.stmcufinder\plugins\mcufinder/ => C:\Users\hyn02\.stmcufinder\plugins\mcufinder
2024-09-29 21:51:56,375 [WARN] DbFile:41 - Overriding database path with different value: C:\Users\hyn02\.stmcufinder\plugins\mcufinder/ => C:\Users\hyn02\.stmcufinder\plugins\mcufinder
2024-09-29 21:51:56,375 [INFO] CrossReferenceDbSqlite:203 - Set database path to: C:\Users\hyn02\.stmcufinder\plugins\mcufinder//mcu/cs/
2024-09-29 21:51:56,400 [INFO] ApplicationProperties:184 - Using Application install path: C:\ST\STM32CubeIDE_1.16.0\STM32CubeIDE\plugins\com.st.stm32cube.common.mx_6.12.0.202406281431
2024-09-29 21:51:56,401 [INFO] PluginManage:196 - Search for loadable plugins [exclusion list=, ]
2024-09-29 21:51:56,403 [INFO] PluginManage:310 - Check plugin analytics
2024-09-29 21:51:56,647 [INFO] AnalyticsPlugin:253 - Accepted Software Licenses: 
2024-09-29 21:51:56,647 [INFO] AnalyticsPlugin:255 - Accepted CMSIS Pack Licenses: 
2024-09-29 21:51:56,648 [INFO] AnalyticsPlugin:257 - Accepted Firmware Licenses: FW.F4.1.28.0
2024-09-29 21:51:56,650 [INFO] PluginManage:359 - Loaded plugin analytics (category:tool,tabindex:-1)
2024-09-29 21:51:56,650 [INFO] PluginManage:310 - Check plugin cadmodel
2024-09-29 21:51:56,667 [INFO] CADModel:105 - Init CAD model plugin
2024-09-29 21:51:56,667 [INFO] PluginManage:359 - Loaded plugin cadmodel (category:power,tabindex:5)
2024-09-29 21:51:56,667 [INFO] PluginManage:310 - Check plugin clock
2024-09-29 21:51:56,690 [INFO] PluginManage:359 - Loaded plugin clock (category:base,tabindex:2)
2024-09-29 21:51:56,691 [INFO] PluginManage:310 - Check plugin ddr
2024-09-29 21:51:56,694 [INFO] PluginManage:359 - Loaded plugin ddr (category:tool,tabindex:6)
2024-09-29 21:51:56,694 [INFO] PluginManage:310 - Check plugin filemanager
2024-09-29 21:51:56,908 [INFO] PluginManage:359 - Loaded plugin filemanager (category:base,tabindex:10)
2024-09-29 21:51:56,908 [INFO] PluginManage:310 - Check plugin ipmanager
2024-09-29 21:51:56,918 [INFO] PluginManage:359 - Loaded plugin ipmanager (category:base,tabindex:5)
2024-09-29 21:51:56,918 [INFO] PluginManage:310 - Check plugin lpbam
2024-09-29 21:51:56,949 [INFO] PluginManage:359 - Loaded plugin lpbam (category:base,tabindex:0)
2024-09-29 21:51:56,949 [INFO] PluginManage:310 - Check plugin memorymap
2024-09-29 21:51:56,979 [INFO] PluginManage:359 - Loaded plugin memorymap (category:base,tabindex:4)
2024-09-29 21:51:56,979 [INFO] PluginManage:310 - Check plugin pinoutandconfiguration
2024-09-29 21:51:57,000 [INFO] PluginManage:359 - Loaded plugin pinoutandconfiguration (category:base,tabindex:1)
2024-09-29 21:51:57,000 [INFO] PluginManage:310 - Check plugin pinoutconfig
2024-09-29 21:51:57,123 [WARN] SupportedApi:132 - Cannot load RTOS API schema: s4s-elt-must-match.1: The content of 'definitions' must match (annotation?, (simpleType | complexType)?, (unique | key | keyref)*)). A problem was found starting at: attribute.
2024-09-29 21:51:57,327 [INFO] PluginManage:359 - Loaded plugin pinoutconfig (category:base,tabindex:0)
2024-09-29 21:51:57,327 [INFO] PluginManage:310 - Check plugin power
2024-09-29 21:51:57,351 [INFO] PluginManage:359 - Loaded plugin power (category:power,tabindex:4)
2024-09-29 21:51:57,351 [INFO] PluginManage:310 - Check plugin projectmanager
2024-09-29 21:51:57,374 [INFO] PluginManage:359 - Loaded plugin projectmanager (category:projectmanager,tabindex:4)
2024-09-29 21:51:57,374 [INFO] PluginManage:310 - Check plugin rif
2024-09-29 21:51:57,392 [INFO] PluginManage:359 - Loaded plugin rif (category:base,tabindex:3)
2024-09-29 21:51:57,392 [INFO] PluginManage:310 - Check plugin thirdparty
2024-09-29 21:51:57,769 [INFO] PluginManage:359 - Loaded plugin thirdparty (category:base,tabindex:-1)
2024-09-29 21:51:57,769 [INFO] PluginManage:310 - Check plugin tools
2024-09-29 21:51:57,769 [WARN] IntegrityCheckThread:84 - waiting for thirdparty lock release [integrity check]
2024-09-29 21:51:57,770 [INFO] IntegrityCheckThread:86 - entering critical section [integrity check]
2024-09-29 21:51:57,770 [INFO] ThirdPartyUpdaterWithRetryManager:70 - Updater plugin not ready yet. [1/15]
2024-09-29 21:51:57,821 [INFO] PluginManage:359 - Loaded plugin tools (category:base,tabindex:7)
2024-09-29 21:51:57,821 [INFO] PluginManage:310 - Check plugin tutovideos
2024-09-29 21:51:58,119 [INFO] PluginManage:359 - Loaded plugin tutovideos (category:base,tabindex:-1)
2024-09-29 21:51:58,119 [INFO] PluginManage:310 - Check plugin updater
2024-09-29 21:51:58,142 [INFO] PluginManage:359 - Loaded plugin updater (category:base,tabindex:12)
2024-09-29 21:51:58,142 [INFO] PluginManage:310 - Check plugin userauth
2024-09-29 21:51:58,152 [INFO] UserAuth:113 - Init User Auth plugin
2024-09-29 21:51:58,153 [INFO] PluginManage:359 - Loaded plugin userauth (category:base,tabindex:14)
2024-09-29 21:51:58,154 [INFO] PluginManage:283 - PluginManage : Loaded plugins [18]
2024-09-29 21:51:58,474 [INFO] PinOutPanel:1561 - setPackage(No Configuration,No Configuration)
2024-09-29 21:51:58,604 [INFO] CADModel:165 - CPN selected for project level
2024-09-29 21:51:58,604 [INFO] CADModel:114 - Register for checkConnection events
2024-09-29 21:51:58,640 [INFO] IPUIPlugin:80 - create IPUIPlugin
2024-09-29 21:51:58,641 [INFO] PluginManager:220 - loadIPPluginJar : add adc
2024-09-29 21:51:58,684 [INFO] IPUIPlugin:80 - create IPUIPlugin
2024-09-29 21:51:58,684 [INFO] PluginManager:220 - loadIPPluginJar : add aes
2024-09-29 21:51:58,741 [INFO] IPUIPlugin:80 - create IPUIPlugin
2024-09-29 21:51:58,741 [INFO] PluginManager:220 - loadIPPluginJar : add can
2024-09-29 21:51:58,774 [INFO] IPUIPlugin:80 - create IPUIPlugin
2024-09-29 21:51:58,774 [INFO] PluginManager:220 - loadIPPluginJar : add comp
2024-09-29 21:51:58,838 [INFO] IPUIPlugin:80 - create IPUIPlugin
2024-09-29 21:51:58,838 [INFO] PluginManager:220 - loadIPPluginJar : add cryp
2024-09-29 21:51:58,854 [INFO] IPUIPlugin:80 - create IPUIPlugin
2024-09-29 21:51:58,854 [INFO] PluginManager:220 - loadIPPluginJar : add ddr_ctrl_phy
2024-09-29 21:51:58,896 [INFO] IPUIPlugin:80 - create IPUIPlugin
2024-09-29 21:51:58,897 [INFO] PluginManager:220 - loadIPPluginJar : add dfsdm
2024-09-29 21:51:58,928 [INFO] IPUIPlugin:80 - create IPUIPlugin
2024-09-29 21:51:58,929 [INFO] PluginManager:220 - loadIPPluginJar : add dma
2024-09-29 21:51:58,998 [INFO] IPUIPlugin:80 - create IPUIPlugin
2024-09-29 21:51:58,998 [INFO] PluginManager:220 - loadIPPluginJar : add dma3
2024-09-29 21:51:59,070 [INFO] IPUIPlugin:80 - create IPUIPlugin
2024-09-29 21:51:59,070 [INFO] PluginManager:220 - loadIPPluginJar : add extmemmanager
2024-09-29 21:51:59,107 [INFO] IPUIPlugin:80 - create IPUIPlugin
2024-09-29 21:51:59,107 [INFO] PluginManager:220 - loadIPPluginJar : add fatfs
2024-09-29 21:51:59,197 [INFO] IPUIPlugin:80 - create IPUIPlugin
2024-09-29 21:51:59,197 [INFO] PluginManager:220 - loadIPPluginJar : add fmc
2024-09-29 21:51:59,234 [INFO] IPUIPlugin:80 - create IPUIPlugin
2024-09-29 21:51:59,235 [INFO] PluginManager:220 - loadIPPluginJar : add freertos
2024-09-29 21:51:59,262 [INFO] IPUIPlugin:80 - create IPUIPlugin
2024-09-29 21:51:59,263 [INFO] PluginManager:220 - loadIPPluginJar : add genericplugin
2024-09-29 21:51:59,426 [INFO] IPUIPlugin:80 - create IPUIPlugin
2024-09-29 21:51:59,426 [INFO] PluginManager:220 - loadIPPluginJar : add gfxmmu
2024-09-29 21:51:59,637 [INFO] IPUIPlugin:80 - create IPUIPlugin
2024-09-29 21:51:59,639 [INFO] PluginManager:220 - loadIPPluginJar : add gic
2024-09-29 21:51:59,658 [INFO] IPUIPlugin:80 - create IPUIPlugin
2024-09-29 21:51:59,658 [INFO] PluginManager:220 - loadIPPluginJar : add gpio
2024-09-29 21:51:59,885 [INFO] IPUIPlugin:80 - create IPUIPlugin
2024-09-29 21:51:59,885 [INFO] PluginManager:220 - loadIPPluginJar : add gtzc
2024-09-29 21:51:59,941 [INFO] IPUIPlugin:80 - create IPUIPlugin
2024-09-29 21:51:59,942 [INFO] PluginManager:220 - loadIPPluginJar : add hash
2024-09-29 21:52:00,038 [INFO] IPUIPlugin:80 - create IPUIPlugin
2024-09-29 21:52:00,038 [INFO] PluginManager:220 - loadIPPluginJar : add i2c
2024-09-29 21:52:00,108 [INFO] IPUIPlugin:80 - create IPUIPlugin
2024-09-29 21:52:00,108 [INFO] PluginManager:220 - loadIPPluginJar : add i2s
2024-09-29 21:52:00,180 [INFO] IPUIPlugin:80 - create IPUIPlugin
2024-09-29 21:52:00,180 [INFO] PluginManager:220 - loadIPPluginJar : add i3c
2024-09-29 21:52:00,354 [INFO] IPUIPlugin:80 - create IPUIPlugin
2024-09-29 21:52:00,354 [INFO] PluginManager:220 - loadIPPluginJar : add ipddr
2024-09-29 21:52:00,515 [INFO] IPUIPlugin:80 - create IPUIPlugin
2024-09-29 21:52:00,516 [INFO] PluginManager:220 - loadIPPluginJar : add linkedlist
2024-09-29 21:52:00,573 [INFO] IPUIPlugin:80 - create IPUIPlugin
2024-09-29 21:52:00,573 [INFO] PluginManager:220 - loadIPPluginJar : add lorawan
2024-09-29 21:52:00,653 [INFO] IPUIPlugin:80 - create IPUIPlugin
2024-09-29 21:52:00,689 [INFO] PluginManager:220 - loadIPPluginJar : add ltdc
2024-09-29 21:52:00,755 [INFO] IPUIPlugin:80 - create IPUIPlugin
2024-09-29 21:52:00,756 [INFO] PluginManager:220 - loadIPPluginJar : add mdma
2024-09-29 21:52:00,772 [INFO] ThirdPartyUpdaterWithRetryManager:70 - Updater plugin not ready yet. [2/15]
2024-09-29 21:52:00,777 [INFO] IPUIPlugin:80 - create IPUIPlugin
2024-09-29 21:52:00,778 [INFO] PluginManager:220 - loadIPPluginJar : add nvic
2024-09-29 21:52:00,841 [INFO] IPUIPlugin:80 - create IPUIPlugin
2024-09-29 21:52:00,841 [INFO] PluginManager:220 - loadIPPluginJar : add opamp
2024-09-29 21:52:00,942 [INFO] IPUIPlugin:80 - create IPUIPlugin
2024-09-29 21:52:00,942 [INFO] PluginManager:220 - loadIPPluginJar : add openamp
2024-09-29 21:52:01,014 [INFO] IPUIPlugin:80 - create IPUIPlugin
2024-09-29 21:52:01,014 [INFO] PluginManager:220 - loadIPPluginJar : add pdm2pcm
2024-09-29 21:52:01,035 [INFO] IPUIPlugin:80 - create IPUIPlugin
2024-09-29 21:52:01,039 [INFO] PluginManager:220 - loadIPPluginJar : add plateformsettings
2024-09-29 21:52:01,084 [INFO] IPUIPlugin:80 - create IPUIPlugin
2024-09-29 21:52:01,084 [INFO] PluginManager:220 - loadIPPluginJar : add quadspi
2024-09-29 21:52:01,122 [INFO] IPUIPlugin:80 - create IPUIPlugin
2024-09-29 21:52:01,123 [INFO] PluginManager:220 - loadIPPluginJar : add radio
2024-09-29 21:52:01,139 [INFO] IPUIPlugin:80 - create IPUIPlugin
2024-09-29 21:52:01,139 [INFO] PluginManager:220 - loadIPPluginJar : add resmgrutility
2024-09-29 21:52:01,227 [INFO] IPUIPlugin:80 - create IPUIPlugin
2024-09-29 21:52:01,227 [INFO] PluginManager:220 - loadIPPluginJar : add sai
2024-09-29 21:52:01,297 [INFO] IPUIPlugin:80 - create IPUIPlugin
2024-09-29 21:52:01,297 [INFO] PluginManager:220 - loadIPPluginJar : add spi
2024-09-29 21:52:01,419 [INFO] IPUIPlugin:80 - create IPUIPlugin
2024-09-29 21:52:01,420 [INFO] PluginManager:220 - loadIPPluginJar : add stm32_wpan
2024-09-29 21:52:01,460 [INFO] IPUIPlugin:80 - create IPUIPlugin
2024-09-29 21:52:01,460 [INFO] PluginManager:220 - loadIPPluginJar : add tim
2024-09-29 21:52:01,571 [INFO] IPUIPlugin:80 - create IPUIPlugin
2024-09-29 21:52:01,572 [INFO] PluginManager:220 - loadIPPluginJar : add touchsensing
2024-09-29 21:52:01,610 [INFO] IPUIPlugin:80 - create IPUIPlugin
2024-09-29 21:52:01,610 [INFO] PluginManager:220 - loadIPPluginJar : add tracer_emb
2024-09-29 21:52:01,654 [INFO] IPUIPlugin:80 - create IPUIPlugin
2024-09-29 21:52:01,654 [INFO] PluginManager:220 - loadIPPluginJar : add ts
2024-09-29 21:52:01,695 [INFO] IPUIPlugin:80 - create IPUIPlugin
2024-09-29 21:52:01,695 [INFO] PluginManager:220 - loadIPPluginJar : add tsc
2024-09-29 21:52:01,737 [INFO] IPUIPlugin:80 - create IPUIPlugin
2024-09-29 21:52:01,738 [INFO] PluginManager:220 - loadIPPluginJar : add ucpd
2024-09-29 21:52:01,812 [INFO] IPUIPlugin:80 - create IPUIPlugin
2024-09-29 21:52:01,812 [INFO] PluginManager:220 - loadIPPluginJar : add usart
2024-09-29 21:52:01,866 [INFO] IPUIPlugin:80 - create IPUIPlugin
2024-09-29 21:52:01,866 [INFO] PluginManager:220 - loadIPPluginJar : add usbx
2024-09-29 21:52:02,000 [INFO] CADModel:165 - CPN selected for project level
2024-09-29 21:52:02,000 [INFO] CADModel:114 - Register for checkConnection events
2024-09-29 21:52:02,001 [FATAL] Updater:334 - Updater called before beeing initialized
2024-09-29 21:52:02,001 [ERROR] CADModel:125 - Updater not yet initialized, retry later 
2024-09-29 21:52:02,198 [INFO] CADModel:165 - CPN selected for project level
2024-09-29 21:52:02,198 [INFO] CADModel:114 - Register for checkConnection events
2024-09-29 21:52:02,199 [FATAL] Updater:334 - Updater called before beeing initialized
2024-09-29 21:52:02,199 [ERROR] CADModel:125 - Updater not yet initialized, retry later 
2024-09-29 21:52:02,203 [FATAL] Updater:334 - Updater called before beeing initialized
2024-09-29 21:52:02,339 [FATAL] Updater:334 - Updater called before beeing initialized
2024-09-29 21:52:02,354 [INFO] DbMcusAds:53 - JSON generation date=Mon Sep 16 23:40:22 KST 2024 (1726497622318)
2024-09-29 21:52:02,354 [FATAL] Updater:334 - Updater called before beeing initialized
2024-09-29 21:52:02,403 [WARN] DetailPanel:346 - Failed to get advertising image, set to default
2024-09-29 21:52:02,519 [FATAL] Updater:334 - Updater called before beeing initialized
2024-09-29 21:52:02,521 [FATAL] Updater:334 - Updater called before beeing initialized
2024-09-29 21:52:02,521 [FATAL] Updater:334 - Updater called before beeing initialized
2024-09-29 21:52:02,521 [WARN] DetailPanel:346 - Failed to get advertising image, set to default
2024-09-29 21:52:02,522 [FATAL] Updater:334 - Updater called before beeing initialized
2024-09-29 21:52:02,631 [ERROR] Updater:1164 - MainUpdater not yet initialized. External WinMGr cannot be set.
2024-09-29 21:52:02,645 [INFO] Updater:1100 - Updater Version found : 6.12.0
2024-09-29 21:52:02,666 [INFO] ApplicationProperties:184 - Using Application install path: C:\ST\STM32CubeIDE_1.16.0\STM32CubeIDE\plugins\com.st.stm32cube.common.mx_6.12.0.202406281431
2024-09-29 21:52:03,774 [INFO] ThirdPartyUpdaterWithRetryManager:70 - Updater plugin not ready yet. [3/15]
2024-09-29 21:52:04,253 [ERROR] LogOutputStream:75 - [STDERR_REDIRECT] Sep 29, 2024 9:52:04 PM java.util.prefs.WindowsPreferences <init>
2024-09-29 21:52:04,254 [ERROR] LogOutputStream:75 - [STDERR_REDIRECT] WARNING: Could not open/create prefs root node Software\JavaSoft\Prefs at root 0xffffffff80000002. Windows RegCreateKeyEx(...) returned error code 5.
2024-09-29 21:52:04,254 [ERROR] LogOutputStream:75 - [STDERR_REDIRECT] 
2024-09-29 21:52:04,760 [INFO] MainUpdater:2873 - connection check result : 10
2024-09-29 21:52:04,761 [INFO] MainUpdater:290 - Updater Check For Update Now.
2024-09-29 21:52:04,762 [INFO] MicroXplorer:498 - Change Database Version : DB.6.0.120
2024-09-29 21:52:04,783 [INFO] McuFinderGlobals:63 - Set McuFinder mode to 2 (CubeIDE integrated)
2024-09-29 21:52:04,785 [INFO] UserAuth:417 - Internet connection configuration mode: 1
2024-09-29 21:52:04,830 [INFO] JxBrowserEngine:152 - Initiate JxBrowser Engine with user profile folder
2024-09-29 21:52:05,031 [INFO] CheckServerUpdateThread:120 - End of CheckServer Thread
2024-09-29 21:52:07,050 [WARN] PackLoader:240 - Cannot read IP mode file for STMicroelectronics.FP-SNS-MOTENVWB1.1.4.0
2024-09-29 21:52:07,075 [WARN] PackLoader:240 - Cannot read IP mode file for STMicroelectronics.X-CUBE-SMBUS.2.1.0
2024-09-29 21:52:07,136 [WARN] PackLoader:240 - Cannot read IP mode file for STMicroelectronics.X-CUBE-AZRTOS-F7.1.1.0
2024-09-29 21:52:07,263 [WARN] PackLoader:240 - Cannot read IP mode file for STMicroelectronics.X-CUBE-MEMS1.11.0.0
2024-09-29 21:52:07,532 [WARN] PackLoader:240 - Cannot read IP mode file for STMicroelectronics.FP-SNS-FLIGHT1.5.0.2
2024-09-29 21:52:07,554 [WARN] PackLoader:240 - Cannot read IP mode file for STMicroelectronics.X-CUBE-DISPLAY.3.0.0
2024-09-29 21:52:07,581 [WARN] PackLoader:240 - Cannot read IP mode file for STMicroelectronics.X-CUBE-BLE1.7.0.0
2024-09-29 21:52:07,600 [WARN] PackLoader:240 - Cannot read IP mode file for STMicroelectronics.X-CUBE-NFC10.1.0.0
2024-09-29 21:52:07,623 [WARN] PackLoader:240 - Cannot read IP mode file for emotas.I-CUBE-CANOPEN.1.3.0
2024-09-29 21:52:07,645 [WARN] PackLoader:240 - Cannot read IP mode file for STMicroelectronics.X-CUBE-BLEMGR.3.1.0
2024-09-29 21:52:07,665 [WARN] PackLoader:240 - Cannot read IP mode file for STMicroelectronics.FP-SNS-SMARTAG2.1.2.0
2024-09-29 21:52:07,692 [INFO] LogOutputStream:77 - [STDOUT_REDIRECT] 1 : Invalid condition id : UX_CORESTACK_Condition cause : null
2024-09-29 21:52:07,693 [INFO] LogOutputStream:77 - [STDOUT_REDIRECT] 1 : Invalid condition id : UX_CORESTACK_Condition cause : null
2024-09-29 21:52:07,694 [INFO] LogOutputStream:77 - [STDOUT_REDIRECT] 1 : Invalid condition id : UX_CORESTACK_Condition cause : null
2024-09-29 21:52:07,696 [INFO] LogOutputStream:77 - [STDOUT_REDIRECT] 1 : Invalid condition id : UX_CORESTACK_Condition cause : null
2024-09-29 21:52:07,697 [INFO] LogOutputStream:77 - [STDOUT_REDIRECT] 1 : Invalid condition id : UX_CORESTACK_Condition cause : null
2024-09-29 21:52:07,703 [WARN] PackLoader:240 - Cannot read IP mode file for STMicroelectronics.X-CUBE-AZRTOS-WL.2.0.0
2024-09-29 21:52:07,724 [WARN] PackLoader:240 - Cannot read IP mode file for STMicroelectronics.FP-SNS-MOTENV1.5.0.0
2024-09-29 21:52:07,744 [WARN] PackLoader:240 - Cannot read IP mode file for wolfSSL.I-CUBE-wolfMQTT.1.19.0
2024-09-29 21:52:07,766 [WARN] PackLoader:240 - Cannot read IP mode file for WES.I-CUBE-Cesium.1.3.0
2024-09-29 21:52:07,783 [WARN] PackLoader:240 - Cannot read IP mode file for STMicroelectronics.X-CUBE-BLE2.3.3.0
2024-09-29 21:52:07,818 [WARN] PackLoader:240 - Cannot read IP mode file for STMicroelectronics.X-CUBE-NFC9.1.0.0
2024-09-29 21:52:07,848 [WARN] PackLoader:240 - Cannot read IP mode file for STMicroelectronics.X-CUBE-TCPP.4.1.0
2024-09-29 21:52:07,902 [WARN] PackLoader:240 - Cannot read IP mode file for STMicroelectronics.X-CUBE-AZRTOS-G0.1.1.0
2024-09-29 21:52:07,962 [WARN] PackLoader:240 - Cannot read IP mode file for STMicroelectronics.X-CUBE-SAFEA1.1.2.2
2024-09-29 21:52:07,987 [WARN] PackLoader:240 - Cannot read IP mode file for STMicroelectronics.X-CUBE-NFC4.3.0.0
2024-09-29 21:52:08,015 [WARN] PackLoader:240 - Cannot read IP mode file for EmbeddedOffice.I-CUBE-FS-RTOS.1.0.1
2024-09-29 21:52:08,018 [ERROR] ConditionMgr:805 - Attr not supported : Dmpu
2024-09-29 21:52:08,018 [ERROR] ConditionMgr:805 - Attr not supported : Dmpu
2024-09-29 21:52:08,018 [ERROR] ConditionMgr:805 - Attr not supported : Dmpu
2024-09-29 21:52:08,018 [ERROR] ConditionMgr:805 - Attr not supported : Dmpu
2024-09-29 21:52:08,018 [ERROR] ConditionMgr:805 - Attr not supported : Dmpu
2024-09-29 21:52:08,018 [ERROR] ConditionMgr:805 - Attr not supported : Dmpu
2024-09-29 21:52:08,018 [ERROR] ConditionMgr:805 - Attr not supported : Dmpu
2024-09-29 21:52:08,018 [ERROR] ConditionMgr:805 - Attr not supported : Dmpu
2024-09-29 21:52:08,019 [ERROR] ConditionMgr:805 - Attr not supported : Dmpu
2024-09-29 21:52:08,019 [ERROR] ConditionMgr:805 - Attr not supported : Dmpu
2024-09-29 21:52:08,019 [ERROR] ConditionMgr:805 - Attr not supported : Dmpu
2024-09-29 21:52:08,019 [ERROR] ConditionMgr:805 - Attr not supported : Dmpu
2024-09-29 21:52:08,019 [ERROR] ConditionMgr:805 - Attr not supported : Dmpu
2024-09-29 21:52:08,019 [ERROR] ConditionMgr:805 - Attr not supported : Dmpu
2024-09-29 21:52:08,019 [ERROR] ConditionMgr:805 - Attr not supported : Dmpu
2024-09-29 21:52:08,019 [ERROR] ConditionMgr:805 - Attr not supported : Dmpu
2024-09-29 21:52:08,019 [ERROR] ConditionMgr:805 - Attr not supported : Dmpu
2024-09-29 21:52:08,019 [ERROR] ConditionMgr:805 - Attr not supported : Dmpu
2024-09-29 21:52:08,019 [ERROR] ConditionMgr:805 - Attr not supported : Dmpu
2024-09-29 21:52:08,019 [ERROR] ConditionMgr:805 - Attr not supported : Dmpu
2024-09-29 21:52:08,019 [ERROR] ConditionMgr:805 - Attr not supported : Dmpu
2024-09-29 21:52:08,019 [ERROR] ConditionMgr:805 - Attr not supported : Dmpu
2024-09-29 21:52:08,019 [ERROR] ConditionMgr:805 - Attr not supported : Dmpu
2024-09-29 21:52:08,020 [ERROR] ConditionMgr:805 - Attr not supported : Dmpu
2024-09-29 21:52:08,023 [ERROR] ConditionMgr:805 - Attr not supported : Dmpu
2024-09-29 21:52:08,023 [ERROR] ConditionMgr:805 - Attr not supported : Dmpu
2024-09-29 21:52:08,023 [ERROR] ConditionMgr:805 - Attr not supported : Dmpu
2024-09-29 21:52:08,023 [ERROR] ConditionMgr:805 - Attr not supported : Dmpu
2024-09-29 21:52:08,024 [ERROR] ConditionMgr:805 - Attr not supported : Dmpu
2024-09-29 21:52:08,024 [ERROR] ConditionMgr:805 - Attr not supported : Dmpu
2024-09-29 21:52:08,025 [ERROR] ConditionMgr:805 - Attr not supported : Dmpu
2024-09-29 21:52:08,025 [ERROR] ConditionMgr:805 - Attr not supported : Dmpu
2024-09-29 21:52:08,025 [ERROR] ConditionMgr:805 - Attr not supported : Dmpu
2024-09-29 21:52:08,025 [ERROR] ConditionMgr:805 - Attr not supported : Dmpu
2024-09-29 21:52:08,025 [ERROR] ConditionMgr:805 - Attr not supported : Dmpu
2024-09-29 21:52:08,025 [ERROR] ConditionMgr:805 - Attr not supported : Dmpu
2024-09-29 21:52:08,025 [ERROR] ConditionMgr:805 - Attr not supported : Dmpu
2024-09-29 21:52:08,025 [ERROR] ConditionMgr:805 - Attr not supported : Dmpu
2024-09-29 21:52:08,025 [ERROR] ConditionMgr:805 - Attr not supported : Dmpu
2024-09-29 21:52:08,025 [ERROR] ConditionMgr:805 - Attr not supported : Dmpu
2024-09-29 21:52:08,025 [ERROR] ConditionMgr:805 - Attr not supported : Dmpu
2024-09-29 21:52:08,025 [ERROR] ConditionMgr:805 - Attr not supported : Dmpu
2024-09-29 21:52:08,027 [ERROR] ConditionMgr:805 - Attr not supported : Dmpu
2024-09-29 21:52:08,027 [ERROR] ConditionMgr:805 - Attr not supported : Dmpu
2024-09-29 21:52:08,027 [ERROR] ConditionMgr:805 - Attr not supported : Dmpu
2024-09-29 21:52:08,027 [ERROR] ConditionMgr:805 - Attr not supported : Dmpu
2024-09-29 21:52:08,027 [ERROR] ConditionMgr:805 - Attr not supported : Dmpu
2024-09-29 21:52:08,027 [ERROR] ConditionMgr:805 - Attr not supported : Dmpu
2024-09-29 21:52:08,027 [ERROR] ConditionMgr:805 - Attr not supported : Dmpu
2024-09-29 21:52:08,027 [ERROR] ConditionMgr:805 - Attr not supported : Dmpu
2024-09-29 21:52:08,027 [ERROR] ConditionMgr:805 - Attr not supported : Dmpu
2024-09-29 21:52:08,027 [ERROR] ConditionMgr:805 - Attr not supported : Dmpu
2024-09-29 21:52:08,027 [ERROR] ConditionMgr:805 - Attr not supported : Dmpu
2024-09-29 21:52:08,027 [ERROR] ConditionMgr:805 - Attr not supported : Dmpu
2024-09-29 21:52:08,027 [ERROR] ConditionMgr:805 - Attr not supported : Dmpu
2024-09-29 21:52:08,028 [ERROR] ConditionMgr:805 - Attr not supported : Dmpu
2024-09-29 21:52:08,028 [ERROR] ConditionMgr:805 - Attr not supported : Dmpu
2024-09-29 21:52:08,028 [ERROR] ConditionMgr:805 - Attr not supported : Dmpu
2024-09-29 21:52:08,028 [ERROR] ConditionMgr:805 - Attr not supported : Dmpu
2024-09-29 21:52:08,028 [ERROR] ConditionMgr:805 - Attr not supported : Dmpu
2024-09-29 21:52:08,028 [ERROR] ConditionMgr:805 - Attr not supported : Dmpu
2024-09-29 21:52:08,028 [ERROR] ConditionMgr:805 - Attr not supported : Dmpu
2024-09-29 21:52:08,028 [ERROR] ConditionMgr:805 - Attr not supported : Dmpu
2024-09-29 21:52:08,028 [ERROR] ConditionMgr:805 - Attr not supported : Dmpu
2024-09-29 21:52:08,050 [WARN] PackLoader:240 - Cannot read IP mode file for RealThread.X-CUBE-RT-Thread_Nano.4.1.1
2024-09-29 21:52:08,067 [WARN] PackLoader:240 - Cannot read IP mode file for STMicroelectronics.FP-ATR-SIGFOX1.3.2.0
2024-09-29 21:52:08,087 [WARN] PackLoader:240 - Cannot read IP mode file for wolfSSL.I-CUBE-wolfSSL.5.7.2
2024-09-29 21:52:08,104 [WARN] PackLoader:240 - Cannot read IP mode file for STMicroelectronics.X-CUBE-EEPRMA1.5.1.0
2024-09-29 21:52:08,126 [WARN] PackLoader:240 - Cannot read IP mode file for ITTIA_DB.I-CUBE-ITTIADB.8.9.0
2024-09-29 21:52:08,184 [WARN] PackLoader:240 - Cannot read IP mode file for SEGGER.I-CUBE-embOS.1.3.1
2024-09-29 21:52:08,245 [WARN] PackLoader:240 - Cannot read IP mode file for STMicroelectronics.X-CUBE-ALGOBUILD.1.4.0
2024-09-29 21:52:08,293 [WARN] PackLoader:240 - Cannot read IP mode file for STMicroelectronics.X-CUBE-AZRTOS-F4.1.1.0
2024-09-29 21:52:08,313 [WARN] PackLoader:240 - Cannot read IP mode file for STMicroelectronics.X-CUBE-ISPU.2.1.0
2024-09-29 21:52:08,332 [WARN] PackLoader:240 - Cannot read IP mode file for STMicroelectronics.X-CUBE-FREERTOS.1.2.0
2024-09-29 21:52:08,369 [WARN] PackLoader:240 - Cannot read IP mode file for STMicroelectronics.X-CUBE-AZRTOS-L5.2.0.0
2024-09-29 21:52:08,392 [WARN] PackLoader:240 - Cannot read IP mode file for STMicroelectronics.X-CUBE-NFC6.3.1.0
2024-09-29 21:52:08,411 [WARN] PackLoader:240 - Cannot read IP mode file for STMicroelectronics.X-CUBE-DPower.1.2.0
2024-09-29 21:52:08,430 [WARN] PackLoader:240 - Cannot read IP mode file for STMicroelectronics.X-CUBE-AI.9.0.0
2024-09-29 21:52:08,452 [WARN] PackLoader:240 - Cannot read IP mode file for STMicroelectronics.X-CUBE-NFC7.1.0.1
2024-09-29 21:52:08,497 [WARN] ConditionMgr:438 - getConditionDescription Invalid condition id : LAN8742 Phy interface Condition cause : null
2024-09-29 21:52:08,498 [WARN] PackLoader:240 - Cannot read IP mode file for STMicroelectronics.X-CUBE-AZRTOS-L4.2.0.0
2024-09-29 21:52:08,499 [WARN] ConditionMgr:1039 - genDependencies : Invalid condition id : LAN8742 Phy interface Condition cause : null
2024-09-29 21:52:08,500 [WARN] ConditionMgr:1039 - genDependencies : Invalid condition id : LAN8742 Phy interface Condition cause : null
2024-09-29 21:52:08,501 [WARN] ConditionMgr:1039 - genDependencies : Invalid condition id : LAN8742 Phy interface Condition cause : null
2024-09-29 21:52:08,527 [WARN] PackLoader:240 - Cannot read IP mode file for STMicroelectronics.X-CUBE-SFXS2LP1.4.0.0
2024-09-29 21:52:08,584 [WARN] PackLoader:240 - Cannot read IP mode file for STMicroelectronics.X-CUBE-AZRTOS-H7.3.3.0
2024-09-29 21:52:08,630 [WARN] ConditionMgr:438 - getConditionDescription Invalid condition id : UX DEVICE CLASS RTOS Condition cause : null
2024-09-29 21:52:08,630 [WARN] ConditionMgr:438 - getConditionDescription Invalid condition id : UX DEVICE CLASS RTOS Condition cause : null
2024-09-29 21:52:08,633 [WARN] PackLoader:240 - Cannot read IP mode file for STMicroelectronics.X-CUBE-AZRTOS-WB.2.0.0
2024-09-29 21:52:08,634 [WARN] ConditionMgr:1039 - genDependencies : Invalid condition id : UX DEVICE CLASS RTOS Condition cause : null
2024-09-29 21:52:08,634 [WARN] ConditionMgr:1039 - genDependencies : Invalid condition id : UX DEVICE CLASS RTOS Condition cause : null
2024-09-29 21:52:08,635 [WARN] ConditionMgr:1039 - genDependencies : Invalid condition id : UX DEVICE CLASS RTOS Condition cause : null
2024-09-29 21:52:08,635 [WARN] ConditionMgr:1039 - genDependencies : Invalid condition id : UX DEVICE CLASS RTOS Condition cause : null
2024-09-29 21:52:08,635 [WARN] ConditionMgr:1039 - genDependencies : Invalid condition id : UX DEVICE CLASS RTOS Condition cause : null
2024-09-29 21:52:08,655 [WARN] PackLoader:240 - Cannot read IP mode file for STMicroelectronics.X-CUBE-GNSS1.7.0.0
2024-09-29 21:52:08,696 [WARN] PackLoader:240 - Cannot read IP mode file for STMicroelectronics.FP-SNS-STBOX1.2.0.0
2024-09-29 21:52:08,734 [WARN] PackLoader:240 - Cannot read IP mode file for STMicroelectronics.X-CUBE-SUBG2.5.0.0
2024-09-29 21:52:08,763 [WARN] PackLoader:240 - Cannot read IP mode file for Cesanta.I-CUBE-Mongoose.7.13.0
2024-09-29 21:52:08,810 [WARN] PackLoader:240 - Cannot read IP mode file for STMicroelectronics.X-CUBE-AZRTOS-G4.2.0.0
2024-09-29 21:52:08,844 [WARN] PackLoader:240 - Cannot read IP mode file for STMicroelectronics.X-CUBE-ISPU.2.0.0
2024-09-29 21:52:09,103 [WARN] PackLoader:240 - Cannot read IP mode file for STMicroelectronics.X-CUBE-ALS.1.0.2
2024-09-29 21:52:09,124 [WARN] PackLoader:240 - Cannot read IP mode file for STMicroelectronics.X-CUBE-TOUCHGFX.4.24.0
2024-09-29 21:52:09,147 [WARN] PackLoader:240 - Cannot read IP mode file for STMicroelectronics.X-CUBE-TOUCHGFX.4.24.1
2024-09-29 21:52:09,161 [WARN] PackLoader:240 - Cannot read IP mode file for wolfSSL.I-CUBE-wolfTPM.3.4.0
2024-09-29 21:52:09,184 [WARN] PackLoader:240 - Cannot read IP mode file for portGmbH.I-Cube-SoM-uGOAL.1.1.0
2024-09-29 21:52:09,241 [WARN] PackLoader:240 - Cannot read IP mode file for STMicroelectronics.X-CUBE-AZRTOS-H7RS.1.0.0
2024-09-29 21:52:09,263 [WARN] PackLoader:240 - Cannot read IP mode file for STMicroelectronics.FP-ATR-ASTRA1.2.0.0
2024-09-29 21:52:09,330 [WARN] PackLoader:240 - Cannot read IP mode file for STMicroelectronics.X-CUBE-TOF1.3.4.2
2024-09-29 21:52:09,387 [WARN] PackLoader:240 - Cannot read IP mode file for Infineon.AIROC-Wi-Fi-Bluetooth-STM32.1.6.1
2024-09-29 21:52:09,404 [WARN] PackLoader:240 - Cannot read IP mode file for wolfSSL.I-CUBE-wolfSSH.1.4.17
2024-09-29 21:52:09,406 [INFO] ThirdParty:978 - Integrity check success = true
2024-09-29 21:52:09,406 [INFO] IntegrityCheckThread:100 - exiting critical section [integrity check]
2024-09-29 21:52:09,407 [INFO] IntegrityCheckThread:103 - End integrity checks thread
2024-09-29 21:52:09,535 [INFO] WebApp:167 - Instantiating new browser for Auth
2024-09-29 21:52:10,590 [INFO] WebApp:448 - Apply proxy settings
2024-09-29 21:52:10,590 [INFO] WebApp:533 - Chromium requires no authentication
2024-09-29 21:52:10,606 [INFO] WebApp:476 - Direct internet connection detected
2024-09-29 21:52:10,641 [INFO] WebApp:869 - Register for checkConnection events
2024-09-29 21:52:10,642 [INFO] WebApp:448 - Apply proxy settings
2024-09-29 21:52:10,642 [INFO] WebApp:533 - Chromium requires no authentication
2024-09-29 21:52:10,643 [INFO] WebApp:476 - Direct internet connection detected
2024-09-29 21:52:10,896 [INFO] WebApp:220 - Starting web application
2024-09-29 21:52:10,896 [INFO] WebApp:578 - Web application path used C:\ST\STM32CubeIDE_1.16.0\STM32CubeIDE\plugins\com.st.stm32cube.common.mx_6.12.0.202406281431\db\plugins\mcufinder\reactClient1\index.html
2024-09-29 21:52:10,931 [INFO] WebApp:186 - Connection restablished
2024-09-29 21:52:11,102 [INFO] UserAuth:417 - Internet connection configuration mode: 1
